-0.303820168178462,-0.142138401471063,-0.0379342444390411,0.00319147476626538,0.00288712439594923,-0.000149221741559612
-0.326293877178462,-0.108520910471077,-0.0552956724390269,0.00278734282626538,0.00309802511594923,-0.000297273451559615
-0.316805425178462,-0.142344631431077,-0.0277144454390269,0.00286897866626538,0.00308114786594923,3.82053584403846e-05
-0.357216665178462,-0.231817892471077,-0.105659003439027,0.00373775377626538,0.00331169457594923,-0.000485966181559615
-0.384479352178462,-0.143044439631077,-0.0931009464390269,0.00310474660326538,0.00375361158594923,-0.000844742361559615
-0.370841024178462,-0.275469041471077,-0.0682904204390269,0.00249999368626538,0.00370183991594923,-0.000228433979559615
-0.341321536178462,-0.225826410471077,-0.0993262674390269,0.00214750666626538,0.00289649960754923,-0.000157076981459615
-0.359565554178462,-0.096961162471077,-0.170352224439027,0.00241286350626538,0.00307692173594923,-0.000283670211559615
-0.357431693178462,-0.110243356471077,-0.196138414439027,0.00195544476626538,0.00287046876994923,-0.000309561731559615
-0.341722300178462,-0.127641013471077,-0.140875304439027,0.00166740526626538,0.00280373216894923,-0.000187319179559615
-0.329135033178462,-0.160337970471077,-0.0369323230390269,0.00199464016626538,0.00290939645394923,-0.000107839648559615
-0.329714964178462,0.00757754852892301,-0.100617033439027,0.00198207596626538,0.00248819258594923,-0.000254182041559615
-0.347270948178462,-0.028421371471077,-0.100683007439027,0.00180003866626538,0.00234542802594923,-0.000510166691559615
-0.344264204178462,-0.154395832471077,-0.0642351694390269,0.00214731186626538,0.00218581647594923,-0.000633134051559615
-0.362234660178462,-0.040237361471077,-0.0951550764390269,0.00204872566626538,0.00217799455594923,-0.000768523361559615
-0.347479996178462,0.055737968528923,-0.0945816234390269,0.00125871496626538,0.00215312274594923,-0.000790367311559615
-0.344159209178462,-0.000923781471076968,-0.0552038294390269,0.000994017066265384,0.00180073629594923,-0.00111167198155962
-0.331573382178462,-0.175868609471077,-0.0304106767390269,0.00154596326626538,0.00170889059594923,-0.00112492724155962
-0.335877225178462,0.017603498528923,-0.0853618014390269,0.00132374386626538,0.00162125869594923,-0.00123556474155962
-0.321747527178462,-0.106322369471077,-0.116728949439027,0.00160510386626538,0.00166662709594923,-0.00120632644155962
-0.307048698778462,-0.196209524471077,-0.100090717439027,0.00227511451626538,0.00141895379594923,-0.00119074664155962
-0.340299425178462,-0.185505742471077,-0.578076794439027,0.00782361906626538,0.00185403569594923,-0.00170209054155962
-0.316910766178462,-0.155478758471077,0.238288765560973,0.00339464643626538,0.00203650632594923,-0.00240344774155962
-0.182081418178462,-0.108765234471077,0.211602895560973,-0.00101062243373462,0.00138323799594923,-0.000462774051559615
-0.199079768178462,0.048171318528923,0.238632085560973,-0.00164466933373462,0.00100593719594923,-0.000902980621559615
-0.182419378178462,0.012424078528923,0.105127385560973,-0.00109065203373462,0.000888983395949231,-0.000572067321559615
-0.182819098178462,0.222993918528923,0.0416299715609731,-0.00191218283373462,0.000525506495949231,-0.000700640231559615
-0.166391078178462,0.098515378528923,0.0169152985609731,-0.00243149253373462,-6.3678004050769e-05,-0.000709751971559615
-0.155734028178462,0.055803538528923,0.00207156856097313,-0.00306288503373462,-0.000210622004050769,-0.000599436591559615
-0.149938458178462,0.131791268528923,-0.0153921144390269,-0.00343199783373462,-0.000170199104050769,-0.000488862961559615
-0.137020098178462,0.097017408528923,-0.0437573416390269,-0.00363152143373462,-0.000134245204050769,-0.000259621601559615
-0.150181818178462,-0.00195612147107699,-0.0430158992390269,-0.00299204533373462,-0.000219823404050769,-0.000439308281559615
-0.165272438178462,-0.016264381471077,-0.0408334143390269,-0.00232592303373462,-0.000319210804050769,-0.000717957081559615
-0.140729838178462,0.130150618528923,-0.0938298894390269,-0.00285633413373462,-0.000353183304050769,-0.000601832141559615
-0.122046998178462,0.075979248528923,-0.105759574439027,-0.00310095343373462,-0.000457394304050769,-0.000442737991559615
-0.0860951681784615,0.047695988528923,-0.0680533034390269,-0.00341412823373462,-0.000896801304050769,-0.000389225381559615
-0.0828493681784615,-0.00235993147107699,-0.0902456774390269,-0.00301615683373462,-0.00126685000405077,-0.000524254181559615
-0.0956995881784615,0.029309728528923,-0.114273449439027,-0.00298978793373462,-0.00122192570405077,-0.000463026901559615
-0.111185788178462,0.040169618528923,-0.0531206304390269,-0.00315518793373462,-0.00105054500405077,-0.000740084841559615
-0.132853138178462,-0.037495141471077,-0.0793996604390269,-0.00227755713373462,-0.00103013400405077,-0.000712194171559615
-0.153395648178462,0.154500538528923,-0.147781894439027,-0.00190218683373462,-0.000813230504050769,-0.000758227081559615
-0.144164378178462,0.075446258528923,-0.143019804439027,-0.00203130483373462,-0.000808799204050769,-0.000671522541559615
-0.136653318178462,0.031226068528923,-0.0912580964390269,-0.00237856333373462,-0.000901049904050769,-0.000655971571559615
-0.118729178178462,0.00720194852892303,0.00381335956097313,-0.00258730693373462,-0.00103485820405077,-0.000528234121559615
-0.140331128178462,0.074855818528923,-0.0797732854390269,-0.00223166543373462,-0.000915226704050769,-0.000643774781559615
-0.131035608178462,0.075718888528923,-0.0915795884390269,-0.00246463333373461,-0.000820722104050769,-0.000623890011559615
-0.119118198178462,0.130507558528923,-0.0622052384390269,-0.00268580233373462,-0.000986413504050769,-0.000549661571559615
-0.119828298178462,-0.078002938471077,-0.0227429254390269,-0.00248957813373462,-0.00108601480405077,-0.000726525091559615
-0.130394638178462,0.070890228528923,-0.0284646445390269,-0.00237725243373462,-0.000926634704050769,-0.000662312371559615
-0.128469698178462,0.033211408528923,-0.0635157714390269,-0.00258927503373462,-0.000678832104050769,-0.000560626011559615
-0.0913266581784615,-0.032650961471077,0.00112724056097313,-0.00299996243373462,-0.000919799604050769,-0.000503044261559615
-0.104025558178462,-0.00511211147107699,-0.0645647674390269,-0.00239630823373462,-0.000895902004050769,-0.000587291971559615
-0.0834761881784615,0.070981468528923,-0.0760252634390269,-0.00231809213373462,-0.000845455704050769,-0.000333108131559615
-0.0613329481784615,0.025078798528923,-0.0479839264390269,-0.00249504053373462,-0.000901411704050769,-8.08755925596154e-05
-0.0526557781784615,-0.00266126147107698,-0.0503255544390269,-0.00203498353373462,-0.00112232660405077,-8.49520815596154e-05
-0.0657388781784615,0.066582558528923,-0.0669009504390269,-0.00202963063373462,-0.000687814004050769,1.66226484403846e-05
-0.0618159281784615,-0.086997313471077,-0.0615584484390269,-0.00225012003373462,-0.000636322204050769,-5.26618595596154e-05
-0.0487497981784615,-0.015517251471077,-0.0831252724390269,-0.00180601943373462,-0.000726955004050769,0.000308165498440385
-0.100538628178462,0.233186038528923,-0.122895138439027,-0.00239216853373462,-0.000284726904050769,-0.000220174814559615
-0.0803894881784615,-0.020489601471077,-0.0450647534390269,-0.00281337603373462,-0.000586290404050769,-0.000203562298559615
-0.102845568178462,0.00196906852892301,-0.0770030154390269,-0.00218796103373462,-0.000397166904050769,-0.000359920821559615
-0.121648548178462,0.095949878528923,-0.128908503439027,-0.00239265473373462,-0.000374298404050769,-0.000544673481559615
-0.0843251381784615,-0.049561128471077,-0.0618476164390269,-0.00298121183373462,-0.000635075804050769,-0.000277895221559615
-0.110748448178462,-0.016541471471077,-0.104277030439027,-0.00259140383373462,-0.00103891310405077,-0.000659710021559615
-0.106999718178462,0.089244188528923,-0.0699352224390269,-0.00279144233373462,-0.000582287204050769,-0.000508441021559615
-0.0971245981784615,0.067348018528923,-0.0607141814390269,-0.00312791303373462,-0.000516068404050769,-0.000518951421559615
-0.0474252981784615,0.00488767852892302,-0.0622195984390269,-0.00303570733373462,-0.000897756004050769,-0.000148381440059615
-0.0381005981784615,0.023603218528923,-0.122103968439027,-0.00261349773373462,-0.000586893304050769,0.000109576658440385
-0.0430050581784615,0.055638938528923,-0.0702339174390269,-0.00299370333373462,-0.000648346704050769,7.70527844038462e-06
-0.0131333581784615,0.035368398528923,-0.0353076451390269,-0.00303202023373462,-0.000830147804050769,0.000239543828440385
-0.0394135481784615,0.052857898528923,-0.0726304074390269,-0.00264982793373462,-0.000578359604050769,9.21508784403846e-05
-0.0335745481784615,-0.00584131147107697,-0.0302793653390269,-0.00295256513373462,-0.000443809204050769,4.62836084403846e-05
-0.00700203817846151,-0.011014421471077,-0.0134676904390269,-0.00286414493373462,-0.000434399004050769,0.000264918418440385
0.00173386182153845,0.031223048528923,-0.0629054294390269,-0.00270025153373461,-0.000381961204050769,0.000372037128440385
-0.0211755781784616,0.055906798528923,-0.0640981294390269,-0.00297060433373461,-0.000340348904050769,0.000211505888440385
-0.0667256981784615,-0.083157107471077,-0.00728877043902687,-0.00312256973373462,-0.000808680004050769,-0.000359655071559615
-0.0970892381784615,0.067849898528923,-0.0331498713390269,-0.00316152993373461,-0.000640975204050769,-0.000370585801559615
-0.0901439081784615,0.088272208528923,0.00713096456097313,-0.00333224893373462,-4.65182040507691e-05,-9.9933715596154e-06
-0.0611644681784615,-0.082596075471077,0.0926788655609731,-0.00340554423373462,9.04141959492308e-05,0.000114252158440385
-0.0822053381784615,-0.015134681471077,0.0119847485609731,-0.00283221573373462,0.000403720095949231,0.000236534168440385
-0.0947082381784615,0.016623058528923,0.00866609156097313,-0.00299296913373462,0.000583244895949231,0.000185229498440385
-0.0945675581784615,-0.037520131471077,0.0581902795609731,-0.00277028443373462,0.000837354995949231,0.000305546838440385
-0.0856546681784615,-0.116212313471077,0.0244573585609731,-0.00215006933373462,0.000656728995949231,0.000245108988440385
-0.101502478178462,0.069542478528923,-0.00664940043902687,-0.00215089763373462,0.000741146295949231,0.000172756398440385
-0.0978820681784615,0.098626298528923,-0.0157352404390269,-0.00229397343373461,0.000866325995949231,0.000276032438440385
-0.0706695081784615,-0.080317168471077,0.0135845685609731,-0.00239190083373462,0.000818413495949231,0.000501072558440385
-0.0887879881784615,-0.078835845471077,-0.0336489952390269,-0.00214047063373462,0.000830403695949231,0.000494485348440385
-0.0865333481784615,-0.117779501471077,-0.0432286336390269,-0.00199778923373462,0.00106832589594923,0.000664264728440385
-0.0712170681784615,-0.097558653471077,-0.0392319800390269,-0.00176244273373462,0.00106809399594923,0.000844809918440385
-0.0677466681784615,-0.127029364471077,-0.0411101308390269,-0.00170613293373462,0.00116181099594923,0.000874844058440385
-0.0573699281784615,-0.061463517471077,-0.0394715406390269,-0.00164208883373462,0.00120149779594923,0.000885029658440385
-0.0595068581784615,-0.166484068471077,-0.0575178994390269,-0.00149438373373462,0.00116273839594923,0.000875359358440385
-0.0513502581784615,-0.235169295471077,0.0163253905609731,-0.00120829333373462,0.00102924109594923,0.000854328058440384
-0.0270477481784615,-0.172330785471077,-0.0455749329390269,-0.000512222333734616,0.000836348295949231,0.00115039295844038
-0.0376859881784615,0.032403438528923,-0.0696561904390269,-0.000973012233734615,0.00108202139594923,0.00117418715844038
-0.0745242381784615,-0.069332348471077,-0.0103657394390269,-0.00151329293373462,0.00128503109594923,0.000811481268440385
-0.124582928178462,-0.196780865471077,-0.0345036213390269,-0.000413421233734615,0.00172001949594923,0.000346316588440385
-0.0799436081784615,0.160271238528923,0.0399716105609731,-0.00226752493373462,0.00123038469594923,0.00120334365844038
-0.112527648178462,-0.031378961471077,-0.00187838643902687,-0.00216577523373462,0.00188238619594923,0.00124844715844038
-0.123137108178462,-0.031566861471077,0.0158857765609731,-0.00171322323373462,0.00224430034594923,0.000991709658440385
-0.120474978178462,0.098021448528923,-0.0113260564390269,-0.00148402463373462,0.00210461621594923,0.000835001698440385
-0.129959158178462,0.089344478528923,0.0293953305609731,-0.00190887243373462,0.00257773468594923,0.000759650508440385
-0.118143338178462,-0.068509953471077,-0.0204783274390269,-0.00111373033373462,0.00249708280594923,0.000735149878440385
-0.128431588178462,0.017105578528923,-0.00752808643902687,-0.00134858393373462,0.00237841949594923,0.000397769308440385
-0.135024008178462,-0.127725487471077,0.0447681825609731,-0.00156739853373462,0.00232949957594923,0.000139172698440385
-0.125308318178462,-0.137915067171077,0.00410037356097313,-0.00101836403373462,0.00231998890594923,0.000189893888440385
-0.148306668178462,-0.135228605571077,-0.0149179444390269,-0.000691137233734616,0.00255811277594923,6.93717084403846e-05
-0.126121098178462,-0.101381329471077,0.0149653225609731,-0.000730275633734615,0.00254120537594923,0.000340259298440385
-0.111317448178462,-0.052995708471077,-0.00321040643902687,-0.000379542433734616,0.00234213831594923,0.000462721848440385
-0.113507478178462,0.054981168528923,0.00419250456097313,-0.000491941733734615,0.00230187683594923,0.000322282198440385
-0.111255458178462,-0.077410061471077,0.0244598555609731,-0.000546798733734615,0.00231946714594923,0.000277981578440385
-0.118172858178462,-0.118926828471077,-0.0377875363390269,-5.66373337346155e-05,0.00213660873594923,9.21461584403846e-05
-0.106266158178462,-0.025429571471077,0.00211094556097313,-0.000182642433734615,0.00215839099594923,5.69773984403846e-05
-0.105674158178462,0.022571568528923,0.00849285456097313,-0.000248374033734615,0.00203857835594923,-0.000113075612559615
-0.113060128178462,-0.068221907471077,-0.0518636534390269,7.12392662653846e-05,0.00221444621594923,-0.000196189027559615
-0.121351648178462,0.014958058528923,-0.0344134770390269,-0.000242769133734615,0.00224324372594923,-0.000308765681559615
-0.121912988178462,-0.019091441471077,0.0204308515609731,-0.000177306933734616,0.00217622333594923,-0.000526305591559615
-0.120742418178462,-0.082307045471077,0.00492471856097313,0.000324238166265384,0.00235114240594923,-0.000513247511559615
-0.147605468178462,0.048525288528923,-0.0332983193390269,0.000295127966265385,0.00235957827594923,-0.000636898531559615
-0.145179638178462,-0.012829091471077,0.0133789345609731,-0.000198986033734615,0.00253298274594923,-0.000688530101559615
-0.145407538178462,-0.138892323571077,-0.0351807727390269,0.000305989366265385,0.00254179479594923,-0.000852212631559615
-0.171380628178462,0.043355448528923,-0.0718386174390269,0.000639570366265385,0.00280291225594923,-0.000914457221559615
-0.164343028178462,-0.017031731471077,-0.0295943072390269,0.000330757366265384,0.00271428924594923,-0.000953801661559615
-0.144143688178462,-0.054089642471077,-0.0180989184390269,0.000455741766265384,0.00278402407594923,-0.000743333481559615
-0.157143608178462,-0.037036651471077,-0.0739896504390269,0.000619771366265385,0.00289530875154923,-0.000824583541559615
-0.172708378178462,0.062573848528923,-0.0211530404390269,0.000175086866265385,0.00308477119594923,-0.000933528261559615
-0.149004138178462,-0.069740285471077,-0.00156243143902687,0.000312286566265385,0.00291481903694923,-0.000784356771559615
-0.138037408178462,0.099062658528923,-0.0372748629190269,0.000704278966265385,0.00263971196594923,-0.000822837521559615
-0.135469768178462,0.014170788528923,-0.0283180279390269,0.000502835766265385,0.00248690526594923,-0.000923248071559615
-0.125383908178462,0.010620488528923,0.0130333395609731,0.000453351066265385,0.00265591683594923,-0.000760767801559615
-0.124746618178462,-0.030817941471077,-0.0393365835390269,0.000819419566265384,0.00269343497594923,-0.000762745551559615
-0.104094708178462,0.084586378528923,-0.0937959454390269,0.000838570266265385,0.00246878880594923,-0.000315451511559615
-0.137349338178462,-0.067446071471077,-0.0231821594390269,0.000642182266265385,0.00246529717594923,-0.000927344081559615
-0.176923478178462,-0.110957181471077,-0.0993505124390269,0.00133000656626538,0.00225487556594923,-0.00152726724155962
-0.156900678178462,-0.012789741471077,-0.290253464439027,0.00440479856626538,0.00149510349594923,-0.000443960971559615
-0.207007902178462,-0.525368741471077,-0.932512504439027,0.0148717537662654,0.00227652728594923,-0.00154702424155962
0.00453929182153845,0.210678138528923,0.340691215560973,-0.00619809433373462,0.000741618595949231,0.000968356758440385
-0.0493605381784615,0.180938248528923,0.244388505560973,-0.00513970953373462,0.000892043395949231,0.000524226448440385
-0.0525560381784616,0.071507308528923,0.170811495560973,-0.00396458903373462,0.000348844395949231,0.000156433178440385
-0.0966229581784615,0.192323558528923,0.0535276695609731,-0.000778462933734615,0.000494055095949231,-0.000164289825559615
-0.0915130681784615,-0.209319152471077,-0.0297218804390269,0.00699826726626538,0.000936845495949231,-0.000154749510659615
-0.210773560178462,-0.551249581471077,-0.664831964439027,0.0191479907662654,0.00261318525594923,-0.00235855714155962
-0.0614313281784615,-0.150000275571077,0.0687848755609731,0.00675734806626538,0.000763101195949231,9.33944284403846e-05
0.00347104182153846,0.062492288528923,-0.0972404294390269,0.00471779656626539,-0.000433900504050769,0.000376944728440385
-0.0287354381784615,-0.292176251471077,0.00825062956097313,0.00814933106626538,0.00153506209594923,4.24049184403846e-05
-0.0277460181784615,-0.275317041471077,0.113307485560973,0.00875311646626538,0.00221633600594923,0.000200040628440385
-0.0363866981784615,0.013792188528923,-0.229933804439027,0.00853145626626538,0.00187326859594923,0.000202727688440385
-0.000216648178461509,-0.136982153871077,-0.715376144439027,0.0124202531662654,0.00254781104594923,0.000764023478440385
-0.0588194981784615,-0.229533784471077,-0.298508404439027,0.00777598896626538,0.00131857859594923,-0.000527975481559615
-0.0119058281784615,-0.143739841571077,-0.0138101824390269,0.00203083456626538,0.000865449095949231,0.000947724358440385
0.0178101718215385,-0.134347409371077,-0.00504879243902687,0.00534965846626538,0.00162974989594923,0.00116404145844038
0.0685218218215385,-0.082143478471077,-0.0716020144390269,0.00397468081626538,0.00138838879594923,0.00165451995844038
0.140749641821538,0.147607698528923,-0.0379996547120269,0.00238306629626538,0.000666927595949231,0.00239474415844038
0.112533051821538,-0.170064199471077,-0.0840844194390269,0.00485023466626539,0.000476057295949231,0.00205639825844038
0.0789910018215385,-0.222120041471077,-0.194814014439027,0.00564779126626538,0.000448030395949231,0.00153251465844038
0.0803395218215385,-0.191551871471077,-1.03852234443903,0.0109493309662654,0.00170182039594923,0.00176327635844038
0.130615071821538,-0.172321031471077,-0.153169744439027,0.00234451643626538,0.000174302495949231,0.00177057255844038
0.161307521821538,-0.334922581471077,0.00409196756097313,0.00297521480626538,-0.000565900204050769,0.00178636495844038
0.179014821821538,-0.123821826471077,-0.0492833334390269,0.00315111831926538,-0.000766272304050769,0.00198516755844038
0.221566661821538,0.103754038528923,-0.0525926954390269,0.00213744176626538,-0.000861051004050769,0.00259650205844038
0.229293301821538,-0.054488975471077,-0.0672429664390269,0.00190513846626538,-0.00109228210405077,0.00262678645844038
0.227177671821539,0.023728938528923,-0.0529899774390269,0.00196194946626538,-0.00133684760405077,0.00241153305844038
0.192234301821539,-0.120025486471077,-0.0949322404390269,0.00274836155626538,-0.00113875200405077,0.00211316785844038
0.214987541821539,0.207901628528923,-0.108952227439027,0.00193168336626538,-0.00125450200405077,0.00250252815844038
0.216420171821538,0.074052808528923,-0.117762885439027,0.00204146616626538,-0.00120871320405077,0.00244107825844038
0.182142491821538,-0.040515841471077,-0.0978684024390269,0.00237253700626538,-0.00108862110405077,0.00191837875844038
0.187454461821538,0.091306648528923,-0.124548709439027,0.00260168070626538,-0.00105681890405077,0.00203408115844038
0.0356720718215385,-0.171185856471077,-0.917523944439027,0.00951324826626538,0.000200650895949231,0.00111160435844038
0.0326507118215385,-0.274566241471077,-0.676809754439027,0.00535080436626539,-0.000486021204050769,0.000387751058440385
0.0461691918215385,-0.207787987471077,0.510585275560973,-0.00221485473373462,0.000247218395949231,0.000391054288440385
0.178929961821538,0.311252788528923,0.315479475560973,-0.00319269893373462,-0.00223670240405077,0.000748450158440385
0.181178681821538,0.136563748528923,0.223684595560973,-0.00244047703373462,-0.00245585810405077,0.000480669818440385
0.167693391821538,0.071477558528923,0.150218665560973,-0.00162716453373462,-0.00258880690405077,0.000510892318440385
0.182939501821538,0.230987218528923,0.166838325560973,-0.00246143013373462,-0.00298679930405077,0.000480556628440385
0.172033621821538,0.114926308528923,0.102299585560973,-0.00257365413373462,-0.00340692790405077,0.000316255358440385
0.181792871821538,0.177770698528923,0.111146275560973,-0.00322414373373462,-0.00340889150405077,0.000503660978440385
0.194244021821538,0.157544238528923,0.124407075560973,-0.00350896483373462,-0.00361555270405077,0.000617389628440385
0.205114921821539,0.217705858528923,0.112882755560973,-0.00339449473373462,-0.00358135490405077,0.000811679078440385
0.210924651821538,0.047968608528923,0.107644085560973,-0.00339848353373461,-0.00381664840405077,0.000785274838440385
0.220934991821538,0.093490308528923,0.122974175560973,-0.00394808103373461,-0.00364232530405077,0.000873543158440385
0.237501721821538,0.162954208528923,0.130236365560973,-0.00454140883373461,-0.00389556990405077,0.000964284558440385
0.231883871821539,0.102909118528923,0.103445775560973,-0.00472082103373462,-0.00388390950405077,0.000933210358440385
0.203482791821538,0.225776408528923,0.112637725560973,-0.00430543093373461,-0.00396493570405077,0.000421664708440385
0.161993471821538,0.107373138528923,0.250034975560973,-0.00386672303373462,-0.00363691940405077,-0.000296963431559615
0.188482551821539,0.050998918528923,0.168319125560973,-0.00337022323373462,-0.00330716450405077,2.94217844038462e-06
0.209894171821539,0.175181668528923,0.142054125560973,-0.00378022693373462,-0.00339210050405077,0.000143566288440385
0.203722931821538,0.059934338528923,0.0992221855609731,-0.00360894783373462,-0.00355097630405077,-2.33746615596154e-05
0.198177891821538,0.090256608528923,0.0987215355609731,-0.00301401023373462,-0.00338185670405077,-6.14554645596154e-05
0.175316711821538,0.141114408528923,0.0693675155609731,-0.00292142473373462,-0.00297426350405077,-5.74519595596154e-05
0.161235711821538,0.105238358528923,0.0213005575609731,-0.00259571673373462,-0.00271172610405077,-0.000133706664559615
0.174355701821538,-0.096123522471077,-0.273973244439027,0.00297739555626538,-0.00105061070405077,0.000513923288440385
0.0812340518215385,-0.581723511471077,-1.14677574443903,0.0169535487662654,0.00232785079594923,-0.000860738011559615
0.160479831821538,-0.059106233471077,-0.0415218404390269,0.000871992366265385,7.92775959492309e-05,0.000425564638440385
0.250134791821538,0.208299188528923,-0.00389588743902687,-0.00207523773373462,-0.00225741920405077,0.000632575958440385
0.309231261821538,0.206397688528923,-0.0140449704390269,-0.00251510963373462,-0.00255980940405077,0.00109327415844038
0.337504481821539,0.175164758528923,0.0420045205609731,-0.00305798733373462,-0.00277627140405077,0.00106685325844038
0.326811051821539,0.068755108528923,0.119224875560973,-0.00311194163373462,-0.00284550490405077,0.000684546508440385
0.322430101821538,0.109700278528923,0.0532018535609731,-0.00248573373373462,-0.00284571910405077,0.000920094258440385
0.315970991821538,0.247962908528923,0.0681133755609731,-0.00334744573373462,-0.00334397630405077,0.000837405058440385
0.352052801821538,0.166415428528923,0.0999577755609731,-0.00384547453373462,-0.00318030540405077,0.00116588905844038
0.309925661821539,0.019743498528923,0.179578135560973,-0.00322631543373462,-0.00271538640405077,0.000651147058440385
0.339982101821538,0.227781168528923,0.137311025560973,-0.00331507573373461,-0.00306217250405077,0.000861923058440384
0.349967891821538,0.107066208528923,0.0936616755609731,-0.00335722693373462,-0.00304987390405077,0.000874426858440385
0.342605901821538,0.142823798528923,0.122804745560973,-0.00375477763373462,-0.00293000230405077,0.000768710788440385
0.297600531821539,0.115614048528923,0.101393815560973,-0.00339227393373462,-0.00314356560405077,0.000232921808440385
0.304373771821539,0.167935218528923,0.0871087555609731,-0.00363411973373462,-0.00330078220405077,0.000334247788440385
0.333133711821538,0.106982988528923,0.0491185325609731,-0.00357717873373462,-0.00321192340405077,0.000590612998440385
0.351986051821538,0.140969898528923,0.0376277465609731,-0.00325787013373462,-0.00317965330405077,0.000702532998440385
0.352792051821538,0.135242358528923,0.0497421325609731,-0.00340973443373462,-0.00317887250405077,0.000676516548440385
0.359884591821538,0.200274408528923,0.0354629735609731,-0.00346256273373462,-0.00309243180405077,0.000695689528440385
0.377559901821538,0.114736238528923,0.0335709165609731,-0.00365624263373462,-0.00316758230405077,0.000701712538440385
0.384720791821538,0.230135558528923,0.0310504905609731,-0.00377003653373462,-0.00327816310405077,0.000700799478440385
0.374159881821538,0.118324248528923,0.00520381356097313,-0.00353619443373462,-0.00319473260405077,0.000625375628440385
0.332513321821538,0.043200888528923,0.0555592645609731,-0.00297861983373462,-0.00299942180405077,0.000396829428440385
0.221015271821539,-0.298203401471077,0.316982845560973,0.00202359796626538,-0.00145211110405077,-0.000517684021559615
0.219568901821538,-0.112320579471077,0.228527605560973,0.00256361296626538,-0.000236091804050769,6.8773584403846e-06
0.217670861821538,0.250130338528923,0.234876265560973,0.00173305216626538,-0.000325842904050769,0.000318768058440385
0.214067331821538,0.124168298528923,0.199922875560973,0.00177102746626538,-0.000881899704050769,0.000509045768440385
0.201641061821538,0.105467678528923,0.123445795560973,-9.09527337346152e-05,-0.00152328950405077,0.000387392418440385
0.247336761821538,0.129327398528923,0.0637061455609731,-0.000693950233734615,-0.00168325330405077,0.000651672618440385
0.248158071821538,0.051484288528923,0.0640909855609731,-0.000954138733734615,-0.00153320340405077,0.000553923838440385
0.216027341821538,0.099325798528923,0.0725807355609731,-4.07333337346153e-05,-0.00152137330405077,0.000223974658440385
0.220378021821538,0.194148588528923,0.125792545560973,0.000260835566265384,-0.00132562080405077,0.000343526208440385
0.227293391821538,0.110376258528923,0.148174105560973,0.000222563766265385,-0.00143500110405077,0.000362150598440385
0.230006981821539,0.044591808528923,0.147402325560973,-0.000214608533734615,-0.00162252920405077,0.000526394038440385
0.233662751821538,-0.00506398147107698,0.142129285560973,-0.000300089233734615,-0.00187085490405077,0.000392175968440385
0.212987471821538,0.047035478528923,0.151301135560973,-0.000273805033734616,-0.00171028570405077,0.000195249798440385
0.198340201821538,0.018494318528923,0.125815035560973,-1.11608337346153e-05,-0.00164857220405077,0.000185880468440385
0.216011611821538,0.132562258528923,0.114353295560973,-0.000302264933734615,-0.00179150940405077,0.000262533518440385
0.199553521821538,-0.063028764471077,0.0424704075609731,0.00350106267626538,-0.00149441270405077,3.66237184403846e-05
0.0671712618215385,-0.416005851471077,-0.612087134439027,0.0130097686662654,0.000584299095949231,-0.000946160481559615
0.120171921821538,-0.084285672471077,0.0253060145609731,0.00654291896626538,-0.000243218904050769,-0.000558840701559615
0.0591043018215385,-0.035336621471077,-0.0895506354390269,0.00313744392726538,-0.000406285904050769,-0.000722211571559615
0.0942027518215385,-0.010954701471077,0.0676538855609731,0.00264490396626538,-0.000517018004050769,-0.000768326821559615
0.102027901821538,-0.00488608147107697,0.141507005560973,0.00268379169626538,-0.000318590004050769,-0.000959016201559615
0.106734721821538,0.124347848528923,0.164724085560973,0.00196861116626538,1.72020959492308e-05,-0.000682248391559615
0.0961169218215385,0.060065018528923,0.191464365560973,0.00193125146626538,1.10883959492311e-05,-0.000907576481559615
0.117156881821538,0.000691468528923017,0.226143725560973,0.00250063679626538,-9.3184304050769e-05,-0.000854143411559615
0.139242021821538,0.094319778528923,0.235865945560973,0.00212636806626538,-0.000249489704050769,-0.000756926211559615
0.148247901821538,0.170926118528923,0.247300825560973,0.00176199866626538,-0.000512619404050769,-0.000817277241559615
0.128780951821538,0.041988068528923,0.276386865560973,0.00160792356626538,-0.000501090004050769,-0.00114375445155962
0.132423191821538,-0.109899461471077,0.249367385560973,0.00221831551626538,-0.000469154404050769,-0.00108128384155962
0.139459901821539,0.090853388528923,0.247462855560973,0.00199893336626538,-0.000555262504050769,-0.00106718549155962
0.137765041821538,0.035315688528923,0.254518675560973,0.00182117656626538,-0.000534387604050769,-0.00102952683155962
0.137378641821538,0.034342328528923,0.249609385560973,0.00183837856626538,-0.000457707804050769,-0.00101352072155962
0.124193191821538,0.029999828528923,0.323213475560973,0.00154994026626538,5.5912795949231e-05,-0.00109297599155962
0.108933881821538,0.020982098528923,0.282711995560973,0.00212065996626538,7.66538959492309e-05,-0.00128679164155962
0.122460751821538,0.100271858528923,0.287146275560973,0.00203225246626538,-0.000132873504050769,-0.00115130544155962
0.113409051821538,0.00872991852892302,0.333082385560973,0.00190192836626538,0.000198193795949231,-0.00140457424155962
0.108053061821538,-0.000157741471076972,0.315165535560973,0.00234625827626538,0.000155113295949231,-0.00130802764155962
0.121405551821538,0.126811438528923,0.319523435560973,0.00182367596626538,0.000201141495949231,-0.00119071044155962
0.103037721821538,0.022378028528923,0.318589535560973,0.00177039456626538,0.000412874595949231,-0.00124138074155962
0.0938854718215385,-0.060715391471077,0.339098855560973,0.00193840466626538,0.000296192295949231,-0.00137095504155962
0.111534231821538,-0.051516327471077,0.309731405560973,0.00208186966626538,0.000439897495949231,-0.00107529583155962
0.108353791821538,0.011715298528923,0.309075765560973,0.00185810366626538,0.000489895495949231,-0.00109706159155962
0.0791879418215385,-0.048933491471077,0.345063625560973,0.00201270696626538,0.000507274895949231,-0.00128216074155962
0.0678474418215385,0.058067458528923,0.255501015560973,0.00209712876626538,0.000499148695949231,-0.00102683966155962
0.0480099518215385,0.087800538528923,0.211429455560973,0.00194451446626538,0.000432062095949231,-0.00127650954155962
0.0886012918215385,-0.032840251471077,0.235001225560973,0.00175203336626538,0.000192603595949231,-0.00109169562155962
0.0836027918215385,0.081467378528923,0.206854985560973,0.00240551925626538,0.000131800395949231,-0.00116797354155962
0.0916837303757833,-0.0215685568334231,0.169666467403077,0.00127892093408,-0.00182828746784615,-0.0003831860311065
0.0666836903757692,-0.130185036833423,0.0836983004030769,0.00203343507408,-0.00171850223784615,-0.0005875606411065
0.0705776953757692,0.0690499351665769,0.115129510403077,0.00187515627408,-0.00137724358784615,-0.0003618842131065
0.0862629367757692,-0.106972962833423,0.108783644403077,0.00192250727408,-0.00126424168784615,-0.0002103952711065
0.0572319003757692,-0.115491876833423,0.0352615474030769,0.00252879483408,-0.00119074258784615,-0.0003825554265165
0.0754999233757692,-0.0569140158334231,0.0382290374030769,0.00221163138408,-0.00131815739784615,-0.0002709961211065
0.105740863375769,-0.268825486833423,0.0818584854030769,0.00206338802408,-0.00124728799784615,-1.32596811065e-05
0.0793565083757692,-0.104866553833423,0.0242040574030769,0.00251906493408,-0.00114593332784615,-0.0001754233011065
0.0530102243757692,-0.0441862428334231,0.0516845874030769,0.00232496163408,-0.00104929409784615,-0.0002962096621065
0.0453833453757692,-0.114154819833423,0.0926530004030769,0.00217567288408,-0.000890845057846154,-0.0003400153151065
0.0487901233757692,-0.165679816833423,0.105095890403077,0.00239842353408,-0.000960291397846154,-0.0004340306591065
0.0443518833757692,-0.0752166738334231,0.0838785564030769,0.00221978314408,-0.000935386117846154,-0.0004097000681065
0.0735765553757692,-0.0981183378334231,0.164568232603077,0.00197860412408,-0.000935068227846154,-0.0002031127311065
0.0548594953757692,-0.136521616833423,0.129930553403077,0.00232320123408,-0.000522053067846154,-0.0002555223311065
0.0646603593757692,-0.119737659833423,0.154442101403077,0.00198086520408,-0.000111464267846154,-9.59056711065e-05
0.0635141713757692,-0.0771126108334231,0.0975791564030769,0.00245252553408,-0.000153233367846154,-7.15086511065e-05
0.0534577353757692,-0.0480404538334231,0.0906305414030769,0.00228162193408,1.11766321538463e-05,-0.0001092670511065
0.0560059673757692,-0.182099006833423,0.0942167234030769,0.00196363571408,-0.000237746067846154,-0.0002776654011065
0.0377619503757692,-0.0892039708334231,0.0830866174030769,0.00199759693408,-3.70405678461539e-05,-0.0003462951341065
0.0352908133757692,-0.0645584578334231,0.0729100174030769,0.00192525047408,-4.48751678461539e-05,-0.0003612494401065
0.0693200163757692,0.0302415741665769,0.131292648403077,0.00160467306408,-0.000224903367846154,-0.0001352517511065
0.0474951133757692,-0.0960601668334231,0.0792080044030769,0.00192009294408,-0.000193440467846154,-0.0001928253411065
0.0487297583757692,-0.0517367348334231,0.103513717403077,0.00155366505408,-6.68925678461538e-05,-0.0001250680911065
0.0596708743757692,-0.0462097618334231,0.0770183724030769,0.00151353522408,-0.000277191767846154,-6.61852711065e-05
0.0461716483757692,-0.0172352054334231,0.0414440174030769,0.00158169440408,-0.000265806367846154,-0.0001985908711065
0.0613980283757692,-0.0692175818334231,0.0800839914030769,0.00124705349208,-0.000325235667846154,-0.0001517328211065
0.0453185523757692,-0.0459676388334231,0.0446337074030769,0.00153087425408,-0.000323371867846154,-0.0002043085411065
0.0325035703757692,-0.0372615458334231,0.0275871974030769,0.00168071529408,-0.000224036567846154,-0.0002891405531065
0.0681546613757692,-0.181225226833423,0.0503108274030769,0.00158146159408,-0.000613451867846154,-0.0001937590611065
0.0557627673757692,-0.140141666833423,-0.0172703225969231,0.00152926148408,-0.000599010667846154,-0.0002909949961065
0.0762668203757692,-0.0115766205334231,-0.0130738625969231,0.00106327868408,-0.000568834267846154,-5.67422511065e-05
0.0857295290757692,-0.156933536833423,3.20474030769125e-05,0.00121626063608,-0.000562362067846154,0.0001663320688935
0.0617734253757692,-0.0626043638334231,-0.0352320825969231,0.00139903822408,-0.000297970667846154,5.40724188935e-05
0.0642063483757692,-0.0760448728334231,-0.0185055125969231,0.00135996465808,-0.000192029367846154,7.15264188935e-05
0.0538570173757692,-0.150501756833423,-0.00985822259692307,0.00136586677708,-0.000259337667846154,-2.91748811065e-05
0.0350680053757692,-0.207477396833423,-0.0681402725969231,0.00169960703408,-0.000313824267846154,-8.88730711065e-05
0.0456583363757692,-0.0203684609334231,-0.0594638425969231,0.00141316821408,-8.99169678461537e-05,1.14177188935e-05
0.0357847243757692,-0.123612726833423,0.00411742740307691,0.00110176496408,-0.000259987267846154,-0.0001534893611065
0.00872895937576917,-0.100501796833423,-0.0299609925969231,0.00128608671678,-0.000340566967846154,-0.0003636343381065
0.0489959413757692,-0.148313306833423,0.00744885740307691,0.00127036427588,-0.000433902167846154,-0.0001500713111065
0.0650378983757692,-0.164473456833423,-0.0502628925969231,0.00174808145408,-0.000848291907846154,-0.0002127749311065
0.0660931343757692,-0.0101188378334231,-0.0835689125969231,0.00248278483408,-0.000761188867846154,-0.0002736927911065
0.0745123563757692,-0.160369586833423,-0.0241650325969231,0.00156570798408,-0.000719195767846154,-0.0001075470111065
0.0682549113757692,-0.188412586833423,-0.0901548225969231,0.00201383383408,-0.000868891487846154,-6.53978811065e-05
0.0430931883757692,-0.0762662188334231,-0.0990693025969231,0.00183479649408,-0.000959783797846154,-0.0003142970181065
0.0527962603757692,-0.0927846418334231,0.0156963274030769,0.00105555370408,-0.000733819267846154,-0.0001650253311065
0.0543488173757692,-0.195511466833423,0.00516996740307693,0.00140178000408,-0.000780655067846154,-7.69646911065e-05
0.0399253423757692,-0.0648441708334231,0.00629995740307693,0.00127395979478,-0.000724575467846154,-0.0001434141311065
0.0593781993757692,-0.182259156833423,0.0930245954030769,0.00079579319408,-0.000742400467846154,-0.0002209792711065
0.0516102373757692,-0.182781926833423,0.0385331174030769,0.00133573008008,-0.000889565067846154,-0.0003860992549065
0.0626446953757692,-0.119051268833423,0.0413922174030769,0.00133990693408,-0.000704256367846154,-0.0002455233711065
0.0833106251757692,-0.277926996833423,-0.00412228259692307,0.00133996705208,-0.00117498744784615,-0.0002061820711065
0.0725687373757692,-0.0368699868334231,-0.00562627259692308,0.00134632533008,-0.00104490099784615,-0.0001419299011065
0.0983858695757692,-0.128893956833423,-0.0169937325969231,0.00109772841408,-0.000990518877846154,5.94866288935e-05
0.0789014963757692,-0.263880516833423,-0.0703466825969231,0.00143862348408,-0.00106133547784615,2.29664388935e-05
0.0856047893757692,-0.000206408833423075,-0.0453861025969231,0.00104725190408,-0.00118052269784615,9.89630688935e-05
0.0849182101757692,-0.0758858208334231,-0.0296345925969231,0.00105497479408,-0.00110331316784615,1.98754088935e-05
0.0814828013757692,-0.169429936833423,-0.00208372259692308,0.00100516193408,-0.00113824844784615,-5.41294811065e-05
0.0538435693757692,-0.0579643458334231,0.0141103474030769,0.00057013406408,-0.000912201887846154,-0.0001225446711065
0.0611714613757692,-0.0910193628334231,0.0215588574030769,0.00036369929408,-0.000736300867846154,-2.72175411065e-05
0.0986777294757692,-0.166088896833423,0.0504625474030769,0.00038819465408,-0.00101455401784615,0.0001144180588935
0.0695664033757692,-0.0875672018334231,-0.00545553259692308,0.00050674054408,-0.000926843307846154,-1.22118311065e-05
0.0807423033757692,0.0118866931665769,0.0561917874030769,-0.00013034346592,-0.000864065607846154,3.31087388935e-05
0.0813900633757692,-0.107435676833423,0.0163283274030769,0.00012887403408,-0.00111071062784615,5.38323588935e-05
0.0709220723757692,0.0184653391665769,-0.0164800025969231,6.48862340800001e-05,-0.000949257747846154,2.05307988935e-05
0.100156064075769,0.000176712166576925,0.0759253694030769,-0.00033711216592,-0.000953374667846154,0.0001878985288935
0.0683024863757692,-0.00207322383342308,0.00327210740307693,-6.55176591999999e-06,-0.000857652607846154,9.05120888935e-05
0.0749561393757692,-0.0254778330334231,0.0397500174030769,-0.00045598606592,-0.000681513267846154,0.0001759443788935
0.0849050432757692,-0.0220282109334231,0.0464664074030769,-0.00040789686592,-0.00100672117784615,6.94765388935e-05
0.0569061673757692,-0.0535553288334231,0.00253425740307692,-0.00022414086592,-0.000903627077846154,-3.65973511065e-05
0.0746492403757692,-0.0654040548334231,0.0935214954030769,-0.00082922946592,-0.000774989467846154,3.99756588935e-05
0.0692883523757692,-0.0664758988334231,0.0459706674030769,-0.00055001406592,-0.000934075027846154,1.06212288935e-05
0.0564917753757692,-0.00238336583342308,0.0230905174030769,-0.00066506266592,-0.000716407667846154,8.83636088935e-05
0.0860814960757692,-0.0430687858334231,0.0945939744030769,-0.00126681416592,-0.000814482067846154,0.0002608838288935
0.0891535479757692,-0.0468653018334231,0.00562087740307693,-0.00067164456592,-0.00117493277784615,0.0001930021088935
0.0862614859757692,0.0944545631665769,0.0227575274030769,-0.00070487036592,-0.00114472103784615,0.0001833270388935
0.101419168175769,0.0753566941665769,0.0266439374030769,-0.00078197786592,-0.00111321396784615,0.0002732420888935
0.0866059989757692,0.0912203431665769,-0.0399669125969231,-0.00019525786592,-0.00116088494784615,0.0001356308488935
0.0648266493757692,-0.0139136223334231,0.0651941874030769,-0.00084909536592,-0.000786375767846154,-7.36730411065e-05
0.0412436843757692,0.118529553166577,0.0827872864030769,-0.00070866346592,-0.000780412667846154,-0.0002088654311065
0.0257462593757692,0.118748883166577,0.120197133403077,-0.00137798146592,-0.000704722867846154,-0.0002254440411065
0.0360756853757692,0.109771673166577,0.145993008403077,-0.00128041226592,-0.000622756367846154,-0.0001431972211065
0.0109315283757692,0.0776648411665769,0.103377843403077,-0.00119019176592,-0.000515843467846154,-0.0003426451331065
0.0442834903757692,0.120634923166577,0.186129024403077,-0.00135885066592,-0.000483957867846154,-0.0001499999111065
0.0297709133757692,-0.0582562438334231,0.113074555403077,-0.00105196066592,-0.000230567567846154,-2.85526211065e-05
0.0529564103757692,-0.0788272788334231,0.153821580403077,-0.00127025346592,-0.000349642567846154,0.0001597244188935
0.0334753363757692,-0.0456126238334231,0.126739044403077,-0.00101311366592,-0.000403730967846154,-8.23997311065e-05
0.0113888943757692,-0.0759713958334231,0.102744744403077,-0.00126601446592,-3.30889678461538e-05,-8.72784110650003e-06
0.0637081833757692,-0.0448597288334231,0.130247845403077,-0.00126764646592,-0.000174889367846154,0.0003269334988935
0.0511546653757692,-0.0280501806334231,0.0813592264030769,-0.00101185256592,-0.000254409467846154,0.0002405060488935
0.0522674413757692,0.0862845831665769,0.105724369403077,-0.00144829886592,-0.000313687667846154,0.0002694084488935
0.0817738187757692,-0.0752131438334231,0.130672200403077,-0.00139850696592,-0.000128623067846154,0.0005294149388935
0.0577561693757692,0.121519993166577,0.0847007214030769,-0.00137178596592,-0.000194462467846154,0.0004280607988935
0.0531476113757692,0.0201071861665769,0.119004762403077,-0.00143905556592,-8.15867678461539e-05,0.0004471561388935
0.0329369343757692,0.0313407801665769,0.140452253403077,-0.00146057106592,6.59078321538463e-05,0.0002843348088935
0.0148517843757692,0.0512941861665769,0.102440493403077,-0.00143334406592,0.000125022532153846,0.0002181441788935
0.0375985813757692,-0.0196998201334231,0.149538775403077,-0.00182649596592,0.000191488732153846,0.0003191598288935
0.0359137683757692,-0.00715130483342308,0.0882747974030769,-0.00143375846592,-8.24944678461538e-05,0.0002488618888935
-0.0146846796242308,0.147322373166577,0.0915738184030769,-0.00185261806592,-8.81612678461539e-05,-0.0001217424511065
0.00608427537576917,0.00109750616657692,0.147551622403077,-0.00207128966592,0.000233365832153846,0.0001195275688935
0.0281542503757692,-0.126178096833423,0.120175814403077,-0.00171487106592,3.34697321538462e-05,0.0002120353088935
0.0290163653757692,0.162173063166577,0.109934244403077,-0.00209858886592,-5.76924678461538e-05,0.0002478358388935
0.0420813903757692,-0.0204682893334231,0.155417411403077,-0.00233199406592,-3.38008678461537e-05,0.0002652442688935
0.00276053737576917,2.26351665769224e-05,0.0871381224030769,-0.00209302126592,-3.56536678461539e-05,0.0001013445488935
0.00980322637576916,0.121354373166577,0.148873365403077,-0.00252260756592,0.000259875332153846,0.0001908336388935
0.0271442513757692,-0.113453981833423,0.138237928403077,-0.00220221026592,-8.08253678461538e-05,0.0001952816988935
0.00958202637576917,0.0275586611665769,0.105520701403077,-0.00218125906592,0.000151222932153846,0.0001997905988935
0.0312095433757692,-0.0589625338334231,0.145149898403077,-0.00220245406592,3.17622321538461e-05,0.0003303299788935
0.00122490737576918,0.0109161051665769,0.0891625634030769,-0.00195598056592,-0.000175821167846154,0.0001385011688935
-0.00531483862423084,0.00696597016657692,0.0974445804030769,-0.00207896906592,6.01536321538463e-05,0.0001670803788935
0.0203981233757692,-0.109089694833423,0.133834003403077,-0.00194052466592,9.40363215384626e-06,0.0002750119888935
-0.00764918762423084,-0.0504844958334231,0.0509931774030769,-0.00177174416592,-0.000304386167846154,-3.15095811065e-05
-0.0149207796242308,0.0992813131665769,0.0606359174030769,-0.00186919566592,-0.000256151667846154,-1.18411511065e-05
-0.00249170362423083,-0.0577524828334231,0.105502484403077,-0.00218072606592,-0.000217663167846154,3.96661889349997e-06
-0.0181434896242308,-0.107911744833423,0.0662594674030769,-0.00181722176592,-0.000186328067846154,-1.91303911065e-05
-0.0388848896242308,0.0733899581665769,0.0772239074030769,-0.00209847396592,4.97677321538463e-05,-0.0001019657211065
-0.0267638496242308,-0.0520203038334231,0.134702053403077,-0.00234358156592,0.000203376032153846,-0.0001077593311065
-0.0370920496242308,-0.0831697058334231,0.0921621804030769,-0.00210697966592,0.000212344532153846,-6.97389511065e-05
-0.0457685096242308,0.0974469031665769,0.101568092403077,-0.00234048166592,0.000164394832153846,-0.0001231272011065
-0.0427489896242308,0.0487606701665769,0.128429917403077,-0.00252671896592,0.000213612432153846,-0.0001290403811065
-0.0743274996242308,-0.0167943487334231,0.0648101374030769,-0.00221917166592,0.000131313832153846,-0.0003780432042065
-0.0501876496242308,-0.0209914574234231,0.109303337403077,-0.00260609056592,0.000313034832153846,-0.0002443900811065
-0.0529131296242308,-0.0608143438334231,0.0323991774030769,-0.00224419986592,0.000103970932153846,-0.0001786112411065
-0.0455455196242308,0.120538703166577,0.0777988714030769,-0.00255069776592,2.64199321538463e-05,-0.0001377982411065
-0.0503319396242308,0.0360435961665769,0.0781380394030769,-0.00255126786592,1.80398321538461e-05,-0.0002344104211065
-0.0645185896242308,0.0453899271665769,0.0358792674030769,-0.00229305116592,-7.02887678461538e-05,-0.0002262217211065
-0.0560962796242308,0.142444553166577,0.106962963403077,-0.00270022106592,0.000182584332153846,-0.0001417437411065
-0.0711248396242308,0.0515846751665769,0.0652280374030769,-0.00235320636592,0.000300929132153846,-0.0001605634011065
-0.0669954696242308,0.0593081581665769,0.0471315674030769,-0.00225644766592,0.000265954232153846,-2.69793111065e-05
-0.0662639096242308,-0.0437777648334231,0.107158788403077,-0.00260295666592,0.000401234632153846,-9.70299711065e-05
-0.0737544496242308,0.0743767681665769,0.0457092274030769,-0.00216335526592,0.000290920132153846,-5.17971211065e-05
-0.0572023896242308,0.0639886171665769,0.0582709974030769,-0.00212076276592,0.000372991432153846,0.0002939430988935
-0.0765791896242308,0.0368498221665769,0.140291482403077,-0.00197347786592,0.000721260432153846,-6.00519711065e-05
-0.0658050996242308,0.0988333831665769,-0.0159466025969231,-0.00068098176592,0.000782779232153846,-3.60124411065e-05
-0.108773429624231,0.226144613166577,-0.0233912525969231,-0.00046007346592,0.000849038532153846,-0.0002817884611065
-0.0863680196242308,0.135324293166577,-1.88225969230682e-05,-0.00103167326592,0.000963878432153846,-0.0002368192711065
-0.0611280496242308,0.0778079671665769,-0.00192368259692308,-0.00089743136592,0.000487577232153846,-0.0001779053611065
-0.0919888796242308,0.145628453166577,-0.0129454925969231,-0.00101623926592,0.000555165832153846,-0.0002544947111065
-0.0819370396242308,0.0704587181665769,0.0302301474030769,-0.00132668026592,0.000910955932153846,-9.94974511065e-05
-0.0755212796242308,0.0476808301665769,-0.0225181625969231,-0.00093905366592,0.000757625432153846,-0.0001045987511065
-0.102536399624231,0.193142183166577,0.00215595740307692,-0.00087243726592,0.00102978813215385,-0.0001538031011065
-0.0609476696242308,0.0823054431665769,0.0923759524030769,-0.00125135266592,0.000876346832153846,-6.46981911065e-05
-0.0242643096242308,0.000500665166576923,0.0515417974030769,-0.00102722566592,0.000666685232153846,0.0001263101788935
-0.0538767896242308,0.0612599611665769,-0.0157453025969231,-0.00064655576592,0.000802188032153846,0.0001728555588935
-0.0584243496242308,0.105596983166577,0.0571768974030769,-0.00113238756592,0.000941466132153846,0.0001843426488935
-0.0279262696242308,-0.0919181118334231,0.0674414874030769,-0.00075396516592,0.000761820932153846,0.0002780468788935
-0.0483197296242308,0.0823613531665769,0.0325446174030769,-0.00076880636592,0.000919116632153846,0.0002304916088935
-0.0677631396242308,0.0325309791665769,0.0444284774030769,-0.00122153686592,0.000995891932153846,0.0001806438188935
-0.0526088196242308,0.110152043166577,0.0770596804030769,-0.00141472366592,0.00105620313215385,0.0001882627388935
-0.0680463496242308,0.0913876331665769,0.0131665374030769,-0.00107842696592,0.00119375313215385,0.0002175268688935
-0.0283844696242308,0.0528134721665769,0.0859698454030769,-0.00117393966592,0.00131006613215385,0.0004163406288935
-0.0383925896242308,0.0745810651665769,0.0338692374030769,-0.00094619806592,0.00100555783215385,0.0002787576488935
-0.0466671196242308,0.0992526031665769,0.0441866074030769,-0.00132302406592,0.00116987273215385,0.0003632360188935
-0.0224446596242308,0.00350681516657692,0.101105372403077,-0.00161585556592,0.00107502103215385,0.0003794014888935
-0.0632469596242308,0.0696113951665769,0.0534654474030769,-0.00141836776592,0.00118419103215385,0.0001997510188935
-0.0348973796242308,-0.0230664856334231,0.124809742403077,-0.00199052526592,0.00137930503215385,0.0004198004488935
-0.0553754996242308,-0.0769485858334231,0.0394320474030769,-0.00142184886592,0.00141688003215385,0.0003681169288935
-0.0392165796242308,0.0654330251665769,0.0800640844030769,-0.00189601006592,0.00136908843215385,0.0003399364888935
-0.0624658296242308,0.0333424521665769,0.0603987474030769,-0.00198640116592,0.00135203693215385,0.0001038938888935
-0.0522320496242308,0.199145273166577,0.0572262574030769,-0.00196526816592,0.00137065493215385,0.0002163945888935
-0.0206855796242308,0.0875469731665769,0.0958727344030769,-0.00249331426592,0.00117782963215385,0.0003073898888935
-0.0475224096242308,0.0286099371665769,0.0307859974030769,-0.00196481666592,0.00120314703215385,0.0001327364788935
-0.0563764896242308,0.142207313166577,0.0805675204030769,-0.00244820206592,0.00120969113215385,7.11114488935e-05
-0.0608898796242308,0.0690062471665769,0.0939028444030769,-0.00238433206592,0.00123253713215385,3.66126688935e-05
-0.0870749596242308,0.116709423166577,0.0514807174030769,-0.00208309776592,0.00137863573215385,-9.08407011065e-05
-0.0619733196242308,0.158495013166577,0.0985551964030769,-0.00261767606592,0.00134058063215385,-6.74051106499987e-07
-0.0707185996242308,0.0623291981665769,0.0233929674030769,-0.00221192266592,0.00132402703215385,1.08701388935e-05
-0.0654769996242308,0.204653633166577,0.0377793274030769,-0.00225115466592,0.00131897513215385,1.23143588935e-05
-0.0331875396242308,-0.0187719990334231,0.129248081403077,-0.00195375596592,0.00147161273215385,0.0003709950688935
-0.0143446096242308,-0.119548024833423,0.0517546774030769,0.00052270564408,0.00148247373215385,0.0002013890388935
0.00955470137576916,0.327899623166577,0.00269632740307693,-0.00011012696592,0.00103601343215385,0.0005512498388935
-0.0259879696242308,0.167714393166577,0.101379123403077,-0.00144703606592,0.00111015673215385,0.0002732749488935
-0.0228811396242308,0.118996193166577,0.121749349403077,-0.00191320626592,0.00117664773215385,0.0002454748288935
-0.0158408296242308,0.0597555051665769,0.0263819474030769,-0.00133743376592,0.00101720873215385,0.0003771756988935
-0.0272779596242308,0.165840773166577,0.0412105874030769,-0.00153689066592,0.00146150223215385,0.0004975333788935
-0.00836100962423082,0.107451103166577,0.0425290174030769,-0.00139965556592,0.00111195583215385,0.0003892218788935
-0.0175074896242308,0.140172933166577,-0.00833554259692307,-0.00077190316592,0.00112674703215385,0.0004718722188935
-0.0171237396242308,0.0617225521665769,0.0437183674030769,-0.00110901496592,0.00130190863215385,0.0006379341688935
-0.0169342296242308,-0.110180614833423,0.0396834974030769,-0.00101880936592,0.00114654543215385,0.0006052017488935
-0.0143193296242308,0.171820803166577,0.0402668374030769,-0.00097220746592,0.00114757943215385,0.0006477082688935
0.00201293237576917,0.0412007731665769,0.0466707074030769,-0.00071294096592,0.000922087432153846,0.0006534370688935
-0.0224502896242308,0.160797243166577,-0.0277147525969231,-0.00033867736592,0.000764947932153846,0.0004527433188935
-0.0296691996242308,0.0432514011665769,-0.0137087525969231,-0.00057261616592,0.00104022923215385,0.0004952342188935
-0.0199087496242308,-0.00354086083342308,0.0474513274030769,-0.00036557146592,0.000875676132153846,0.0003938858088935
-0.0319818796242308,-0.0235308098334231,-0.0602232025969231,0.00013951963408,0.000803095232153846,0.0003700369188935
-0.0476293196242308,0.0684728211665769,-0.0407632925969231,-9.71130659199999e-05,0.000760929532153846,0.0002441677288935
-0.0201180396242308,-0.00299649383342308,0.0204515774030769,-0.00036047326592,0.000599341532153846,0.0002263827988935
-0.0447818096242308,0.0186687781665769,-0.0327137025969231,-1.34043659200001e-05,0.000418886232153846,4.71369388935e-05
-0.0576970196242308,0.0792629631665769,-0.0709180325969231,0.00026385703408,0.000434236832153846,-2.76860411065e-05
-0.0249327096242308,-0.0567472748334231,-0.0226215825969231,0.00028833168408,0.000347550832153846,8.30174288935e-05
-0.0168668796242308,-0.0160099649334231,-0.0523711325969231,0.00081134151408,9.62199321538461e-05,-6.06574011065e-05
-0.0404987396242308,0.0421507361665769,-0.0853418525969231,0.00088978906408,0.000241172832153846,-0.0001134301511065
-0.0457793396242308,0.0238375441665769,-0.102086132596923,0.00069196639408,0.000174421432153846,-0.0001829125011065
0.00585209837576917,-0.0774802828334231,-0.00835787259692308,0.00038652236408,0.000113022332153846,0.0003589902988935
-0.0306585296242308,-0.0460914858334231,-0.0862909325969231,0.00103602128408,6.68533321538463e-05,-0.0001039531611065
-0.00941094962423084,0.0752056711665769,-0.0963391525969231,0.00086390880408,-7.18177678461537e-05,0.0002426051988935
-0.0110439596242308,0.00752744716657693,-0.0214209325969231,0.00015398293408,-0.000104265267846154,-1.23455311065e-05
-0.0186389196242308,-0.0891583038334231,-0.0676962325969231,0.00042824313408,-8.97346678461538e-05,-2.90696811065e-05
-0.0580387796242308,0.158641973166577,-0.0544688425969231,0.00020529993408,0.000151519532153846,-0.0002028606811065
-0.0218038696242308,0.0226783971665769,-0.0604812625969231,0.00043491409408,-5.99716784615385e-06,-0.0001243085011065
-0.0554605796242308,-0.0837463588334231,-0.124209682596923,0.00091206272408,-9.86271678461539e-05,-0.0003599645901065
-0.0310540496242308,0.122024093166577,-0.0675767425969231,9.517573408e-05,-2.35555678461538e-05,-0.0001595356611065
-0.0438133496242308,0.0250258431665769,-0.0849273725969231,8.92521340800001e-05,-9.93768678461539e-05,-0.0002314101311065
-0.0848948196242308,0.0514079861665769,-0.121464492596923,7.75505340800001e-05,-4.29447678461539e-05,-0.0005925863111065
-0.0459611996242308,0.145549013166577,-0.0618443325969231,-0.00034837746592,0.000120141332153846,-0.0003134971381065
-0.0826906296242308,0.0725562261665769,-0.146059522596923,0.00021176553408,-1.48367846153873e-07,-0.0005453442711065
-0.0683410596242308,0.207640603166577,-0.136856252596923,-4.96892659200001e-05,-6.32045678461539e-05,-0.0004668589711065
-0.0616532796242308,0.0882694631665769,-0.119986222596923,-0.00012734866592,-4.02576678461537e-05,-0.0004445058351065
-0.0613328196242308,0.0986514131665769,-0.167541062596923,6.523263408e-05,-0.000311709167846154,-0.0004909967911065
-0.0845965296242308,-0.0460378028334231,-0.140384392596923,1.62971340799999e-05,-0.000262340367846154,-0.0006879312911065
-0.0911596896242308,0.00330935116657692,-0.160738832596923,0.00025792693408,-0.000343103467846154,-0.0007354262111065
-0.0691794996242308,0.0623139881665769,-0.122208892596923,-5.39051659200001e-05,-0.000238659767846154,-0.0005545523411065
-0.0823754296242308,0.0150836651665769,-0.144934372596923,0.00019136633408,-0.000365458067846154,-0.0007422609111065
-0.114299859624231,0.0762616461665769,-0.160220032596923,0.00031117180408,-0.000589224767846154,-0.0012710369511065
-0.0960481996242308,0.0336862131665769,-0.0915616425969231,-0.00031134596592,-0.000669019567846154,-0.0010889816811065
-0.0993067896242308,0.00618198316657692,-0.164079472596923,0.00035366391408,-0.000834676917846154,-0.0011162203311065
-0.0923871596242308,0.0160625861665769,-0.148542722596923,1.350603408e-05,-0.000525802267846154,-0.0009454489111065
-0.107418739624231,-0.00445547383342308,-0.106616222596923,-0.00035844056592,-0.000515026267846154,-0.0010519123211065
-0.119543069624231,0.0895428331665769,-0.119764372596923,-0.00048722816592,-0.000516686167846154,-0.0010281759311065
-0.114331219624231,-0.113248096833423,-0.101261422596923,-0.00062086116592,-0.000400214567846154,-0.0010142945311065
-0.124327299624231,0.0616117841665769,-0.120225082596923,-0.00026859276592,-0.000507554667846154,-0.0011588337211065
-0.109403929624231,0.161213243166577,-0.110568272596923,-0.00039278366592,-0.000648614167846154,-0.0010349455511065
-0.102874239624231,0.197837103166577,-0.0963731025969231,-0.00062048156592,-0.000655367267846154,-0.0009504654611065
-0.0993035096242308,0.121204683166577,-0.125947802596923,-0.00027995196592,-0.000714249267846154,-0.0008982342411065
-0.0725556896242308,0.0154286181665769,-0.111589362596923,-0.00025146896592,-0.000701429767846154,-0.0004643740671065
-0.0522740696242308,-0.119146157833423,0.0107033474030769,-0.00012339576592,-0.000164567867846154,-0.0004846112411065
-0.0563501696242308,-0.0126274122334231,-0.165303142596923,0.00154375756408,-0.000387788967846154,-0.0004622165881065
-0.0975226396242308,0.122624083166577,-0.179339722596923,0.00095168092408,-0.000345133867846154,-0.0006896633611065
-0.0187215796242308,0.00324759416657693,-0.197525792596923,0.00082223894408,-0.000456684667846154,-0.0001597800211065
-0.0124300396242308,-0.0145535716334231,-0.282254072596923,0.00115412354408,-0.000658322367846154,-0.0001887916111065
-0.00791481962423082,0.100804273166577,-0.289862072596923,0.00113400997408,-0.000390213667846154,-4.41810611065e-05
-0.00127179562423083,-0.0263023530334231,-0.184524692596923,0.00041414906408,8.26224321538462e-05,0.0001778180288935
-0.000744240624230827,0.00797870316657692,-0.267522162596923,0.00135099887308,2.5235321538461e-06,0.0002014337288935
-0.0104915896242308,0.0740531521665769,-0.199160682596923,0.00082116083408,-9.05687678461537e-05,9.77301588935e-05
0.00504841937576916,-0.00804311583342308,-0.156598382596923,0.00115251531408,0.000266853032153846,0.0001858128588935
0.00187904937576917,0.00280384516657693,-0.175813222596923,0.00118086847208,0.000126509232153846,0.0001265407188935
-0.00554915162423084,0.125926433166577,-0.176542302596923,0.00100143937408,0.000274735932153846,0.0001304989688935
0.0294979343757692,0.0663159781665769,-0.0857563125969231,0.00062738308408,0.000183899032153846,0.0005840159288935
0.0325664003757692,-0.0337168848334231,-0.109780142596923,0.00060038950408,0.000447293832153846,0.0007704839688935
0.0320097233757692,0.140417393166577,-0.174459652596923,0.00097779117408,0.000418885432153846,0.0007206144688935
0.0162875753757692,0.0302113691665769,-0.121640782596923,0.00085391585408,0.000722311832153846,0.0006305177688935
0.0297091153757692,0.0252860841665769,-0.137355322596923,0.00053366472408,0.000478196732153846,0.0006883579688935
0.0144988513757692,0.197132983166577,-0.144451992596923,0.00046939155408,0.000478250232153846,0.0005741324388935
0.0115481233757692,0.0973155831665769,-0.138790222596923,0.00037244379408,0.000644625132153846,0.0007060579688935
0.0214265613757692,0.0697746221665769,-0.114346502596923,0.00040135619408,0.000549394132153846,0.0007319821688935
-0.00178423262423083,0.0643765191665769,-0.146851942596923,0.00059673959408,0.000675430432153846,0.0006606010688935
-0.000312736624230828,0.133904733166577,-0.135359232596923,0.00021600773408,0.000647192932153846,0.0006211247688935
-0.0195042596242308,0.0647001621665769,-0.136046412596923,0.00055212627408,0.000686743432153846,0.0004852492988935
0.0148430593757692,-0.172151016833423,0.0277373474030769,0.00287480823408,0.00100761923215385,0.0007378650688935
0.0135753443757692,-0.0768424378334231,-0.161821342596923,0.00363899573408,0.000863983332153846,0.0006504023688935
-0.00725825462423083,0.214615713166577,-0.144767772596923,0.00245326133408,0.000960616332153846,0.0006163659888935
-0.00334377762423083,0.0770571281665769,-0.157216872596923,0.00181386775408,0.000983078432153846,0.0008059953688935
-0.0281206496242308,-0.0222377423534231,-0.154110942596923,0.00152685151408,0.000968434932153846,0.0005507268688935
-0.0480533896242308,-0.128792476833423,-0.528410682596923,0.00675873653408,0.000807026632153846,0.0004396429288935
-0.177609569624231,-0.433315286833423,-1.10049003259692,0.01624984593408,0.00110839913215385,-0.0009335794311065
0.0229765183757692,-0.245333066833423,-0.180862862596923,0.00548530783408,-0.000204311767846154,0.0005243114388935
0.0310280123757692,-0.120686017833423,-0.131824672596923,0.00358189233408,-0.000227851667846154,0.0006806654688935
0.0427800483757692,-0.194335136833423,-0.139120972596923,0.00457589723408,-6.33376784615371e-06,0.0008583959688935
0.0417533243757692,0.00166247216657692,-0.0797791725969231,0.00301052343408,9.91522321538462e-05,0.0010347369688935
0.0330586433757692,-0.0852596918334231,-0.114442222596923,0.00267391433408,7.77782321538462e-05,0.0009623542688935
-0.268448703176923,-0.119623996093448,0.219483681031346,-0.00327948443732308,-0.00283821624388462,-0.00273455772046153
-0.323565791176923,0.0450807739065384,0.280872306031346,-0.00312116941732308,-0.00246332029388462,-0.00336149682046154
-0.373027523176923,-0.110603385593462,0.493135401031346,-0.00333202835332308,-0.000482776243884615,-0.00343885820046154
-0.258150352176923,-0.0929137860934616,0.0343188710313461,-0.000493693837323077,-0.000594543843884615,-0.00226146779046154
-0.249153822176923,0.153861083906538,0.0591640710313462,-0.00240420624732308,-0.00150549814388462,-0.00245607749046154
-0.230790800176923,-0.0578811760934616,0.0934949010313462,-0.00228956041732308,-0.00122285494388462,-0.00213335858046154
-0.227476787176923,-0.0529360200934616,0.0289936410313462,-0.00132382153732308,-0.000962253843884615,-0.00197140502046154
-0.185320015176923,0.209017003906538,0.119159261031346,-0.00268852425732308,-0.00158240804388462,-0.00178352633046154
-0.185959250176923,0.0931413839065384,0.104693671031346,-0.00283957852732308,-0.00184230438388462,-0.00189486856046154
-0.187923492176923,-0.0575054290934616,0.143899804031346,-0.00311611940732308,-0.00140854934388462,-0.00170872802046154
-0.206891848176923,0.0234288439065384,0.166608119031346,-0.00309873196732308,-0.00111773364388462,-0.00167945222046154
-0.217800817176923,0.0480510839065384,0.135293123031346,-0.00330600135232308,-0.00112605894388462,-0.00175626329046154
-0.212405884176923,0.0296178639065384,0.185524278031346,-0.00366103657732308,-0.00105235424388462,-0.00160076862046154
-0.196406509176923,0.0430026839065384,0.121104314031346,-0.00342625922732308,-0.00115017884388462,-0.00136344062046154
-0.192694293176923,0.165002003906538,0.149403064031346,-0.00375099765732308,-0.000922219843884615,-0.00124320092046154
-0.190735538176923,0.0671412939065384,0.138143671031346,-0.00377151172732308,-0.000783599243884615,-0.00105912142046154
-0.185954496176923,-0.0693915480934616,0.103647671031346,-0.00380278061732308,-0.000546452143884615,-0.000929682020461538
-0.186054858176923,-0.0294012820934616,0.110051831031346,-0.00368951450732308,-0.000430216743884616,-0.000799881620461538
-0.161075793176923,-0.149264788093462,0.240983612031346,-0.00341463196732308,-0.000602134143884615,-0.000729219220461538
-0.175780478176923,-0.0424840520934616,0.170725850031346,-0.00312934159732308,-0.000414832643884615,-0.000686652820461538
-0.180796798176923,0.167813093906538,0.163258471031346,-0.00374669251732308,-0.000345043143884615,-0.000708168020461538
-0.190767273176923,0.0344835739065384,0.169481578031346,-0.00395435688732308,-0.000180488843884615,-0.000714351120461539
-0.186271482176923,-0.0301870620934616,0.153331574031346,-0.00371038413732308,-0.000224704743884615,-0.000618945420461539
-0.171680197176923,0.0718296839065384,0.140361761031346,-0.00379091495732308,-0.000134537343884615,-0.000460423320461539
-0.170932124176923,0.00677494390653839,0.131915171031346,-0.00406710411732308,1.31416561153846e-05,-0.000352936820461538
-0.162681673176923,0.0891568439065384,0.109229411031346,-0.00406067036732308,0.000105240556115385,-0.000211414320461538
-0.150730473176923,0.0983966439065384,0.0938431010313462,-0.00414225922732308,3.16194561153847e-05,-8.62132204615383e-05
-0.151309373176923,-0.0562854500934616,0.0783809210313462,-0.00421619481732308,-1.38458438846156e-05,-0.000105101120461539
-0.146042273176923,0.0990723539065384,0.0755721710313462,-0.00433528513732308,-6.39645438846154e-05,-8.41638204615385e-05
-0.118347963176923,0.0936816739065384,0.0597416710313462,-0.00444833133732308,-9.71201438846152e-05,0.000203460179538462
-0.142689603176923,-0.112954308293462,0.0952047410313462,-0.00417123440732308,5.20452561153847e-05,6.13357795384616e-05
-0.148481693176923,-0.158864636093462,0.125914328031346,-0.00343414655732308,6.59507561153847e-05,0.000178827579538462
-0.165914253176923,0.0345749439065384,0.0519606210313462,-0.00316380739732308,0.000181580656115384,5.94716795384617e-05
-0.178485296176923,0.142705933906538,0.0229278210313462,-0.00382164815732308,0.000407815556115385,3.77161795384615e-05
-0.167949013176923,-0.000764826093461596,0.0469536810313462,-0.00389535345732308,0.000521066556115385,0.000277187179538462
-0.176449552176923,-0.0192764960934616,-0.00847709896865384,-0.00343696641732308,0.000699502156115385,0.000295075079538461
-0.179391345176923,0.0270876939065384,-0.0143285589686538,-0.00367516808732308,0.000728668556115385,0.000348416779538462
-0.193561948176923,-0.0128636260934616,-0.102138528968654,-0.00377717610732308,0.000580058556115385,0.000144054879538462
-0.189137920176923,-0.0686443270934616,-0.0820246689686538,-0.00341282007732308,0.000711294056115385,-0.000106191320461538
-0.201377417176923,-0.0729279590934616,-0.176675148968654,-0.00217901173732308,0.000763286256115385,-0.000222356020461538
-0.214332395176923,0.258979133906538,-0.195622318968654,-0.00257172452732308,0.000737590856115385,-0.000545321020461538
-0.187946002176923,0.00692728390653839,-0.199015078968654,-0.00270938180732308,0.000661951556115385,-0.000460068720461538
-0.182409980176923,-0.109631535893462,-0.254387208968654,-0.00217199593732308,0.000505300256115385,-0.000492783820461538
-0.167213663176923,0.185407063906538,-0.198175558968654,-0.00315325877732308,0.000544903156115385,-0.000110139720461539
-0.158789513176923,0.156492253906538,-0.170395548968654,-0.00349743959732308,0.000730179856115385,0.000111200979538462
-0.157857513176923,0.0145850439065384,-0.156518028968654,-0.00338354752732308,0.000758756056115385,0.000317608479538461
-0.163901483176923,0.0060742339065384,-0.144190688968654,-0.00331432055132308,0.000868187556115385,0.000420220879538462
-0.151090833176923,-0.131778744093462,-0.105676278968654,-0.00350994600732308,0.000935587656115385,0.000649700979538462
-0.138454533176923,-0.0514007790934616,-0.123253508968654,-0.00308019367732308,0.00101261725611538,0.000934695479538462
-0.132779353176923,0.0246277739065384,-0.132090868968654,-0.00304494408732308,0.000983209056115385,0.00118680427953846
-0.122308533176923,-0.110559014893462,-0.0647687889686538,-0.00323617700532308,0.000954594356115385,0.00131485677953846
-0.121802213176923,-0.0649734240934616,-0.131375308968654,-0.00301887121732308,0.000903524656115385,0.00138302527953846
-0.105104693176923,0.0055116939065384,-0.129929188968654,-0.00330720246032308,0.000900206756115384,0.00159493167953846
-0.0999859531769231,-0.0852755860934616,-0.170291518968654,-0.00289157724732308,0.000457284356115385,0.00142373957953846
-0.108843653176923,0.0474883639065384,-0.143227548968654,-0.00275732878732308,0.000649447356115385,0.00139373097953846
-0.0925758031769231,-0.0178777660934616,-0.120634328968654,-0.00303023491732308,0.000578928356115385,0.00151368057953846
-0.0746368631769231,-0.121088203393462,-0.173192028968654,-0.00250595483732308,0.000473273256115385,0.00166779677953846
-0.0547204231769231,0.0600506239065384,-0.174917178968654,-0.00241640555732308,0.000601546356115385,0.00193479757953846
-0.119908683176923,-0.0841562430934616,-0.0964165189686539,-0.00294446608732308,0.000622489356115385,0.000576597179538462
-0.135252673176923,-0.184605864093462,-0.0990834389686538,-0.00110096623732308,0.000502693856115385,-1.79787204615382e-05
-0.138787963176923,0.0957073239065384,-0.246865518968654,-0.000218542137323077,0.000292311556115385,-0.000405242720461538
-0.147067203176923,0.0687839639065384,-0.168874538968654,-0.00116861763732308,0.000462601356115385,-0.000208937820461538
-0.130275453176923,0.0493452039065384,-0.144873418968654,-0.00197968053732308,0.000431924656115384,-5.82537204615384e-05
-0.132959043176923,-0.0526054360934616,-0.188459718968654,-0.00153606203732308,0.000258172156115385,-7.86955204615386e-05
-0.108968413176923,0.141250603906538,-0.183529718968654,-0.00157418133732308,0.000441661956115385,0.000216951379538462
-0.106737033176923,0.0371696239065384,-0.176397938968654,-0.00181135053732308,0.000475106956115385,0.000301486279538462
-0.0979038431769231,0.0796799739065384,-0.157466508968654,-0.00199901093732308,0.000625902056115385,0.000498300879538462
-0.0969487331769231,0.0771445639065384,-0.132028918968654,-0.00200246993732308,0.000815578456115385,0.000620736379538462
-0.0791929331769231,-0.000568576093461601,-0.148087448968654,-0.00192372643732308,0.000566968256115385,0.000702825979538461
-0.0791913531769231,0.0260102039065384,-0.132829768968654,-0.00205015093732308,0.000649926756115385,0.000739256679538462
-0.0626527231769231,0.136684403906538,-0.123225108968654,-0.00221385493732308,0.000640488956115385,0.00101891537953846
-0.0551027931769231,0.0087117139065384,-0.152288638968654,-0.00218748323732308,0.000762092056115385,0.00123139187953846
-0.0608065531769231,0.0328306339065384,-0.142661248968654,-0.00222553243732308,0.000887283456115385,0.00129354027953846
-0.0709164531769231,-0.0899897020934616,-0.0247159789686539,-0.00238548272732308,0.000912836356115385,0.00124694757953846
-0.120684803176923,-0.414050896093462,0.289557961031346,0.00244345036267692,0.00228821945611538,0.000485182679538462
-0.0748983231769231,-0.131369745093462,0.366792931031346,-0.000264898437323077,0.00369971075611538,0.000611138379538462
-0.0754898031769231,-0.0343887060934616,0.135286640031346,0.00207516716267692,0.00194440585611538,-0.000433630320461538
-0.104072563176923,0.105258593906538,0.233941869031346,0.00163923836267692,0.00282630595611538,-0.000171597120461538
-0.124371783176923,0.0054093339065384,0.171585197031346,0.000487409362676923,0.00323278235611539,0.000363015879538462
-0.0924876531769231,0.0840795139065384,0.137055925031346,-1.13130373230771e-05,0.00301874885611538,0.000579701379538462
-0.0703296131769231,0.0330545339065384,0.0194882610313462,0.000450614762676923,0.00261246615611538,0.000579655579538462
-0.0774304131769231,0.0482673339065384,0.0254807810313462,5.00536267692298e-06,0.00205480015611538,0.000360379279538461
-0.0839008131769231,-0.0323731990934616,0.0328369410313462,-1.4253037323077e-05,0.00233187385611538,0.000509918579538462
-0.0615963331769231,-0.169248100093462,0.115146981031346,-1.58620373230771e-05,0.00225614425611538,0.000531205279538462
-0.0625387731769231,-0.0993328390934616,0.103832391031346,0.000621250962676923,0.00242101555611538,0.000628861579538462
-0.0445454731769231,0.00173743390653841,0.135990436031346,0.000228180762676923,0.00230938385611538,0.000822867679538462
-0.0355407231769231,-0.233743056093462,0.170649220031346,-3.20885373230771e-05,0.00212674745611538,0.000903198079538462
-0.0207843831769231,-0.203526139093462,0.155918545031346,0.000599006562676923,0.00210161425611538,0.00127949757953846
-0.0321703531769231,-0.0442190250934616,0.137742571031346,0.000658877662676923,0.00188726435611538,0.00104741597953846
-0.0229666831769231,-0.212775039093462,0.156754884031346,0.000454249462676923,0.00183387105611538,0.00101060087953846
-0.0287878731769231,-0.0259708380934616,0.105119201031346,0.000715251462676923,0.00171556575611538,0.000890521379538461
-0.0352804031769231,0.0669495439065384,0.0749354710313462,0.000510445462676923,0.00171374865611538,0.000872381979538461
-0.0389066631769231,-0.145196648093462,0.0722822810313462,0.000476861762676923,0.00179001255611538,0.000867237979538461
-0.0376730331769231,-0.0416629280934616,0.0918850310313462,8.53568626769229e-05,0.00169890335611538,0.000893841379538462
-0.108916143176923,-0.300053946093462,-0.170317168968654,0.00556167526267692,0.00219061435611538,0.000445028379538462
-0.326198831176923,-0.575252026093462,-0.756126158968654,0.0211731245626769,0.00351212565611538,-0.00219655330046154
0.0655320568230769,-0.0964400110934616,0.0416821710313462,0.000888115862676923,-0.00248254151388462,-0.000858215720461538
0.0394482368230769,-0.0306435160934616,-0.0843520289686538,0.00168659906267692,-0.00124875374388462,-0.000550928020461538
0.00384298682307688,-0.262020546093462,-0.0712797589686538,0.00289760596267692,-0.000723535643884615,-0.000870567220461538
-0.0270213831769231,-0.101687017093462,-0.105073148968654,0.00351252596267692,-0.000525256543884615,-0.00110005432046154
-0.0262145031769231,0.0286034739065384,-0.0954806789686538,0.00291160386267692,-0.000550279643884615,-0.00111516732046154
-0.0113489631769231,-0.0778001950934616,-0.0982362789686539,0.00259286216267692,-0.000386246343884615,-0.000730254320461538
-0.0209691131769231,-0.0609546270934616,-0.0102423989686538,0.00159939746267692,1.75918561153847e-05,-0.000586390320461538
-0.0227487331769231,-0.250555596093462,0.00902773103134616,0.00173746636267692,0.000193024356115385,-0.000533126020461538
-0.0309344731769231,-0.0152307960934616,-0.0186246689686538,0.00155385036267692,0.000511825656115385,-0.000414056620461538
-0.0403778831769231,0.0645190539065384,-0.0357068289686538,0.00120917056267692,0.000435888256115385,-0.000376321720461538
-0.0429010531769231,-0.0892981800934616,0.0480957510313462,0.000862127862676923,0.000392247356115385,-0.000510793820461538
-0.0505205731769231,-0.110221950193462,0.0608991610313462,0.00112298326267692,0.000434550556115385,-0.000629146420461539
-0.0434333831769231,-0.0575823480934616,0.0896220610313462,0.000935940362676923,0.000460000256115384,-0.000580619420461539
-0.0374659031769231,0.0987105439065384,0.0831854710313462,0.000699852862676923,0.000438793056115385,-0.000555820620461538
-0.0337394531769231,0.0792392939065384,0.0758057410313462,0.000915913262676923,0.000386768456115385,-0.000505543020461539
-0.0171196331769231,0.0595309739065384,0.0231240210313462,0.000743096362676923,0.000276809956115385,-0.000354665720461538
-0.0444531231769231,-0.0155915360934616,0.0729643410313462,0.000825759462676923,0.000334061756115385,-0.000638834420461538
-0.0474517231769231,0.0739744239065384,-0.000583548968653841,0.000912721662676923,0.000377707156115385,-0.000571904320461538
-0.0309756331769231,0.0458055139065384,0.0176423510313461,0.000620294462676923,0.000504938556115385,-0.000508727620461539
-0.0290442931769231,0.171026333906538,0.0435099810313462,0.000294208162676923,0.000750775456115385,-0.000519559220461539
0.00899380682307688,0.0415538639065384,0.0411797210313462,-0.000301624837323077,0.000391552656115385,-5.67034204615384e-05
-0.0231420031769231,-0.0148969960934616,0.111008951031346,-0.000247069237323077,0.000325152456115385,-0.000367413820461539
-0.0276609431769231,0.101788413906538,0.0540391010313462,-6.76715373230771e-05,6.76345561153847e-05,-0.000470484620461538
-0.00688681317692308,0.0858049639065384,0.0336145810313462,-0.000228211237323077,-0.000107293443884615,-0.000360167020461538
-0.0172195431769231,0.0019830239065384,0.0851185510313462,-0.000255846137323077,-0.000168405743884615,-0.000476933820461538
-0.0263206731769231,0.233254063906538,0.0683332410313462,-0.000293082237323077,-0.000170107843884615,-0.000660995520461538
-0.0311073731769231,0.114077943906538,0.0756562710313462,-0.000404558137323077,2.40155561153847e-05,-0.000565554420461538
-0.0100822031769231,0.128417973906538,0.0689532610313462,-0.000509817537323077,1.56705561153848e-05,-0.000297978820461539
0.0008583368230769,0.108919613906538,0.0444582010313462,0.000111252962676923,-5.19224388461541e-06,-0.000207494820461538
0.0181519668230769,0.153612183906538,0.0222858810313462,0.000153854362676923,-9.63664438846153e-05,-0.000173853520461538
0.0116172168230769,0.0562036339065384,0.0498189410313462,-7.15153373230773e-05,-0.000248501643884615,-0.000342087620461539
0.00238094682307688,0.0279976539065384,0.0186582710313462,0.000658920962676923,-0.000298053643884615,-0.000446768420461539
0.0100462868230769,0.171542873906538,0.0509342810313462,0.000348056062676923,-0.000363206843884615,-0.000401755020461538
0.0419779768230769,-0.0348213010934616,0.0368246810313462,0.000473432662676923,-0.000489811743884616,2.10717795384617e-05
0.0344664768230769,0.0649364439065384,0.0341176210313462,0.000647571862676923,-0.000496323843884615,-7.27616204615382e-05
0.0251186468230769,-0.0119037760934616,0.0401555510313462,0.00189622096267692,-0.000325534843884616,-1.10062046153846e-06
0.0417212468230769,-0.139766596093462,0.382128061031346,-0.00182713773732308,-0.000842676943884616,-0.000203737220461538
0.0288341868230769,0.135245763906538,0.115044411031346,0.00113523346267692,-0.000973328143884615,-0.000733613420461539
0.00374438682307693,0.142863873906538,0.00702813103134617,0.000193225062676923,-0.000641410843884615,-0.000754940120461538
0.00580003682307689,0.137551403906538,-0.00813167896865383,1.86876626769228e-05,-0.000732640343884615,-0.000857330220461538
-0.0083122131769231,0.00575142390653839,-0.0483756589686538,0.000740227262676923,-0.000843494243884615,-0.00113902962046154
-0.0276353131769231,0.158450223906538,-0.0608696289686539,0.000429290362676923,-0.000657257743884615,-0.00123423372046154
-0.0183478231769231,-0.00378622609346159,-0.0142531189686538,4.32366267692297e-06,-0.000436279643884615,-0.00102884272046154
-0.0313428431769231,0.0399814139065384,-0.0461971189686538,0.000558589762676923,-0.000385823343884615,-0.00125210392046154
-0.0176737131769231,0.0613922539065384,-0.00229045896865385,0.000489785862676923,-0.000272970943884615,-0.00103851822046154
0.00739353682307692,-0.0026869860934616,0.0164621010313462,0.000773313762676923,-0.000356758343884615,-0.000766491320461539
0.0378594068230769,0.105304063906538,0.0761693110313462,0.000717728762676923,-0.000547458643884616,-0.000558480120461538
0.0711244268230769,-0.107590192093462,0.0340510910313462,0.00110572306267692,-0.000848102643884615,-0.000191719320461538
0.0711876568230769,-0.149810541093462,-0.0317918389686538,0.00121279376267692,-0.000832200443884615,0.000104077579538462
0.0987496468230769,0.0482702139065384,0.0206954010313462,0.000510320962676923,-0.00138688074388462,0.000304294079538461
0.153361506823077,0.0492338539065384,0.0242384310313462,0.000435993262676923,-0.00178846554388462,0.000602312079538462
0.187011736823077,0.0471931139065384,0.0121123810313462,0.000771119162676923,-0.00191474224388462,0.000838808279538462
0.208143326823077,-0.0448507410934616,-0.00326315896865384,0.000964651162676923,-0.00170510094388462,0.00107907177953846
0.168163056823077,-0.0655065230934616,0.0390248310313462,0.00124703026267692,-0.00149429804388462,0.000755336479538462
0.0775189468230769,-0.110013585693462,0.0152932210313462,0.00185871486267692,-0.000982347243884615,-8.87187204615383e-05
0.0657385368230769,0.0628041039065384,-0.0414758589686538,0.00141832076267692,-0.00107388864388462,-0.000327143420461538
0.0986021768230769,0.0226028039065384,-0.0468817489686539,0.00110467656267692,-0.00133636214388462,-0.000323482620461538
0.0863099068230769,0.0452338939065384,-0.0181967089686538,0.000975734662676923,-0.00139832654388462,-0.000670968620461539
0.0736847268230769,-0.0438448200934616,-0.0309242889686538,0.00175860626267692,-0.00117915884388462,-0.000839875820461538
0.0944751568230769,0.103312883906538,-0.0445560289686538,0.00149660766267692,-0.00114372584388462,-0.000639613220461539
0.103910026823077,0.0991172039065384,-0.0508286889686539,0.00136729826267692,-0.00119069814388462,-0.000586510220461539
0.120071946823077,0.0552577439065384,-0.0421099589686539,0.00147439246267692,-0.00120107684388462,-0.000292250620461538
0.125721476823077,-0.0299529460934616,-0.0651945189686538,0.00133278876267692,-0.00101522974388462,0.000130085579538462
0.117943046823077,0.00898081390653842,-0.0407996789686539,0.00163092356267692,-0.000851271943884615,0.000111833179538462
0.153302796823077,0.0873913139065384,-0.00690366896865383,0.00127165986267692,-0.000862338543884616,0.000536927879538462
0.159160846823077,-0.0282357960934616,-0.00981286896865383,0.000914618162676923,-0.00109240474388462,0.000470278579538462
0.122049606823077,-0.0105564960934616,0.00287480103134616,0.000922174762676923,-0.000844043143884615,0.000171584779538462
0.160446036823077,0.0550886739065384,0.00896805103134615,0.000899256462676923,-0.00113305294388462,0.000480007979538462
0.182243616823077,0.0215702239065384,0.0236586710313462,0.000626594562676923,-0.00120016324388462,0.000628874279538462
0.159489816823077,0.0999828739065384,-0.0365222389686538,0.000970864862676923,-0.00125258114388462,0.000481002279538462
0.173456396823077,-0.0463149060934616,0.0192594110313462,0.000570615462676923,-0.00128082014388462,0.000656123779538462
0.155712036823077,0.0100863239065384,0.00479769103134617,0.000646156362676923,-0.00124625984388462,0.000372073179538461
0.183632056823077,0.0607046539065384,0.00813292103134616,0.000680981262676923,-0.00150233084388462,0.000475799479538462
0.149820376823077,-0.0079824760934616,0.0388902110313462,-0.000122365237323077,-0.000904286543884615,0.000449197379538462
0.0991958768230769,0.0172358939065384,-0.157094098968654,0.00171590466267692,-0.000779974543884615,-0.000168205520461538
0.129456606823077,0.187345683906538,-0.186561308968654,0.00155488246267692,-0.00112977464388462,0.000114818579538462
0.147623826823077,-0.0056718860934616,-0.153144388968654,0.00120328566267692,-0.00114825954388462,0.000174286679538462
0.155903586823077,0.0649879139065384,-0.119478148968654,0.00103669326267692,-0.00133610704388462,0.000182017079538462
0.143956086823077,0.0444478339065384,-0.131642708968654,0.00110154816267692,-0.00118340514388462,0.000202125779538462
0.158872566823077,0.0271669439065384,-0.0830225289686538,0.000776697862676923,-0.00108545484388462,0.000318796579538462
0.147588556823077,0.00603581390653841,-0.103714708968654,0.00112751176267692,-0.00102631164388462,0.000270192079538462
0.145630276823077,0.0745381039065384,-0.0976289289686539,0.000751937662676923,-0.000890717343884615,0.000411604679538461
0.147822076823077,0.0096697839065384,-0.0526974889686538,0.000513110662676923,-0.00106528884388462,0.000445231379538462
0.143006236823077,0.00692962390653841,-0.0737312789686539,0.00112369526267692,-0.00120019954388462,0.000525990279538461
0.145815526823077,0.0144570439065384,-0.0763371889686539,0.00140927376267692,-0.00112983904388462,0.000576507679538461
0.152372646823077,-0.0346165290934616,-0.0179777789686539,0.00117098156267692,-0.00108844364388462,0.000613260179538462
0.153330796823077,-0.0699239290934616,-0.0553081089686538,0.00171679456267692,-0.00115954104388462,0.000564264579538462
0.158902496823077,0.180952093906538,-0.0588329589686538,0.00168641536267692,-0.00105331884388462,0.000698229079538462
0.161696826823077,0.0639359639065384,-0.0711121989686538,0.00187127416267692,-0.000898181643884615,0.000741338979538461
0.173050906823077,-0.191271179093462,-0.0723431289686538,0.00257245416267692,-0.00102717344388462,0.000806605679538462
0.170696736823077,0.0378563839065384,-0.0902554789686539,0.00257970536267692,-0.000980523643884615,0.000748828679538462
0.177585216823077,-0.0090045560934616,-0.110347868968654,0.00238013426267692,-0.000980534743884615,0.000778332079538462
0.179732756823077,-0.114806498593462,-0.00852410896865383,0.00364764686267692,-0.000269125643884615,0.000835147479538462
0.0706813068230769,-0.427049256093462,0.114684311031346,0.0103271935626769,0.000665741856115385,0.000921359479538462
0.101052066823077,-0.184964941093462,-0.217219418968654,0.00642633446267692,0.00107033595611538,0.000760548079538462
0.126545856823077,0.546939023906538,0.145064806031346,-0.0144714574373231,-0.00253351057388462,0.00109161217953846
0.0908178668230769,0.178066613906538,0.00851188103134617,-0.00221075973732308,-0.00133458844388462,4.23119795384618e-05
0.110010516823077,0.150715203906538,0.0508002110313462,-0.00261286487732308,-0.00109548544388462,0.000584616079538462
0.116819576823077,0.160755243906538,0.144904156031346,-0.00295284174732308,-0.000422041543884615,0.000607408779538462
0.0935930568230769,0.0587184839065384,0.206519269031346,-0.00221210243732308,0.000362611456115385,0.000302466279538462
0.0907767268230769,0.134868163906538,0.118435231031346,-0.000786166637323077,-4.84432438846152e-05,0.000189969579538461
0.0913168968230769,0.0390069139065384,0.156670103031346,-0.000704203037323077,0.000314674156115385,0.000359927279538462
0.0979794368230769,0.0730739539065384,0.173060149031346,-0.000402474237323077,0.000226838556115385,0.000366349079538462
0.113431166823077,0.101443983906538,0.218898618931346,-0.000576229837323077,0.000286617956115385,0.000640442179538462
0.0920287768230769,-0.0696553180934616,0.219223513381346,-0.000791624937323077,0.000144384756115385,0.000531072379538461
0.121497666823077,0.0108408039065384,0.162691949031346,-0.000138394737323077,9.45790561153845e-05,0.000626488979538462
0.124872456823077,0.0454200339065384,0.223553574131346,-0.000623007937323077,9.81240561153847e-05,0.000692060979538462
0.136262016823077,-0.118080797193462,0.163352004031346,-5.69711373230772e-05,-0.000169677543884615,0.000673097079538461
0.134534256823077,0.0406551039065384,0.198493548031346,-0.000242172537323077,-5.63457438846155e-05,0.000552639679538462
0.144905606823077,-0.0735987470934616,0.135517050031346,0.000203113062676923,-0.000189367643884616,0.000658311779538462
0.152122166823077,0.159105923906538,0.167222136031346,-0.000234345837323077,-0.000276558743884615,0.000715432779538462
0.162938006823077,-0.0317243790934616,0.144933701031346,-0.000372654137323077,-0.000160591443884616,0.000901316979538462
0.164062886823077,0.00291598390653841,0.116703681031346,-0.000347951337323077,-9.07055438846152e-05,0.000948069479538462
0.171855316823077,-0.00851692609346159,0.0999897510313462,-0.000238555437323077,3.15618561153846e-05,0.00107074797953846
0.187975206823077,0.0845922239065384,0.0997254010313462,-0.000312022337323077,2.57615561153847e-05,0.00123565837953846
0.176437826823077,0.0732739439065384,0.0610461910313462,-0.000705195037323077,-0.000138695143884615,0.00115868427953846
0.188067376823077,0.0378392139065384,0.0569168010313462,-0.000551550437323077,-0.000153132743884615,0.00118949467953846
0.146284866823077,-0.0806879990934616,0.152263656031346,0.00113452826267692,-0.000345331243884616,0.000636479679538462
0.157726836823077,-0.146176483093462,0.0270958210313462,0.00244372596267692,-0.000503453943884615,0.000510156679538461
0.141103926823077,0.139127483906538,0.0482421610313462,0.00112730116267692,-0.000133926543884615,0.000889655779538462
0.0769620468230769,-0.0797664600934616,0.154526286031346,0.00184074316267692,-1.98519438846154e-05,-0.000908185320461538
0.126033296823077,-0.0607042170934616,0.228174043531346,0.000835746162676923,0.000511331156115385,0.000128799179538462
0.0743563568230769,0.0243638239065384,-0.0128884389686538,0.00132990186267692,-2.16845438846154e-05,-0.000203079520461539
0.0422184168230769,0.152408593906538,-0.0415921789686538,0.000947324862676923,2.50198561153846e-05,-0.000582890320461538
0.0477627268230769,0.0227212639065384,-0.0771273989686539,0.00104397976267692,0.000286529456115385,-0.000523745520461538
0.0603177568230769,-0.121525018293462,-0.0930536389686538,0.00240469156267692,0.000441480356115385,-0.000498044420461538
0.0527406268230769,0.0715859439065384,-0.0484600089686539,0.00215449796267692,0.000342530656115384,-0.000405879220461538
0.0295364768230769,0.0877486139065384,-0.0641754189686538,0.00150788796267692,-5.13824388461521e-06,-0.000750036420461538
0.0353201068230769,0.0170955439065384,-0.0852964489686538,0.00159828746267692,-0.000101552243884615,-0.000872130120461538
0.0424148468230769,-0.0451221990934616,-0.155081948968654,0.00190170306267692,-0.000490230243884616,-0.000904469520461538
0.0646661068230769,-0.0420584440934616,0.00677237103134617,0.00160678136267692,0.000185405856115385,-0.000567118420461539
0.0886124568230769,-0.0831611090934616,-0.0976100589686539,0.00261275156267692,-0.000320310443884616,-0.000475963420461538
0.0731085768230769,0.163757963906538,-0.0920118389686539,0.00229466836267692,-0.000406501543884615,-0.000627229120461538
0.0804022568230769,0.0697312739065384,-0.0996261989686539,0.00223099466267692,-0.000317230643884615,-0.000613746320461538
0.0760561468230769,9.03339065383979e-05,-0.105926638968654,0.00211635616267692,-0.000256007543884615,-0.000589541320461538
0.0788966368230769,-0.0061275360934616,-0.109392538968654,0.00176157756267692,-2.07953438846153e-05,-0.000252891120461538
0.0976255668230769,-0.0358063850934616,-0.103236978968654,0.00180654496267692,0.000124000256115385,-4.00345204615384e-05
0.0837745568230769,-0.124833045793462,-0.0368692489686538,0.00224764846267692,0.000204327756115385,-0.000174328320461538
0.0833985768230769,-0.181432888093462,-0.0665439589686539,0.00293168066267692,0.000235010156115384,-0.000186407820461539
0.0750292868230769,0.0642412739065384,-0.0610132589686538,0.00286416706267692,0.000203321756115385,-0.000143318120461538
0.0838341268230769,-0.118320804093462,-0.0568322089686538,0.00275324826267692,5.28956115384421e-07,-0.000120119320461539
0.129906466823077,-0.0839831360934616,0.00158239103134616,0.00263034346267692,-0.000155121343884615,0.000276097779538461
0.120501586823077,-0.0161920660934616,-0.0466711689686538,0.00287280896267692,0.000115802256115384,0.000281257279538461
0.0930764468230769,-0.0142232160934616,-0.0607413489686538,0.00301304726267692,0.000403736356115385,3.72987795384614e-05
0.0897966968230769,0.0245169039065384,-0.0753794589686539,0.00275844606267692,0.000318724656115385,6.04957795384618e-05
0.103627676823077,-0.150769822093462,-0.0805710289686538,0.00226841626267692,0.000214725156115385,0.000113532079538462
0.129023546823077,-0.0997055130934616,-0.0273847189686538,0.00234664036267692,2.06416561153847e-05,0.000411455779538462
0.101675376823077,0.119050223906538,-0.102946488968654,0.00180812816267692,-0.000378828643884615,8.18361795384614e-05
0.0970047068230769,0.0379805839065384,-0.0901770089686539,0.00205882216267692,6.25921561153847e-05,5.83983795384617e-05
0.119578506823077,-0.0120575560934616,-0.0895356689686539,0.00231608976267692,0.000272504156115385,0.000333781579538461
0.112865036823077,-0.104121041093462,-0.0979857889686538,0.00200018256267692,0.000168588056115385,0.000297332979538462
0.120958636823077,-0.149425945093462,-0.0822640889686539,0.00214118786267692,0.000206585056115384,0.000369660979538462
0.108184986823077,0.0348541639065384,-0.126681038968654,0.00237673066267692,0.000590661756115384,0.000480970079538462
0.115409626823077,-0.0133766260934616,-0.151476048968654,0.00228772826267692,0.000391646056115385,0.000565070979538462
0.107903846823077,-0.129713825093462,-0.0822406989686539,0.00227294036267692,0.000744902256115385,0.000540484479538462
0.102752206823077,-0.0704208140934616,-0.149590138968654,0.00283741356267692,0.000564684456115385,0.000435268479538461
0.106491166823077,-0.0103280260934616,-0.151064898968654,0.00259052006267692,0.000669461356115385,0.000464649979538462
0.113039946823077,-0.0402709710934616,-0.120778578968654,0.00205786706267692,0.000800177356115385,0.000570029479538462
0.111093956823077,-0.0983796020934616,-0.178973558968654,0.00275747686267692,0.000600270056115384,0.000494414979538462
0.101637076823077,0.0665242239065384,-0.151852418968654,0.00253259076267692,0.000692204956115384,0.000421674079538462
0.114928846823077,0.00101630390653841,-0.150226468968654,0.00256832126267692,0.000872970656115385,0.000555943579538462
0.118232976823077,-0.125001519893462,-0.133308138968654,0.00260162796267692,0.000873196656115385,0.000669990079538461
0.119581416823077,-0.100198941093462,-0.151175008968654,0.00321596456267692,0.000890778956115385,0.000598044479538462
0.110967086823077,-0.126845622193462,-0.174934448968654,0.00357924696267692,0.000993860656115385,0.000629071279538462
